/*
SQLyog Enterprise - MySQL GUI v8.05 
MySQL - 5.5.5-10.0.17-MariaDB : Database - images
*********************************************************************
*/

/*!40101 SET NAMES utf8 */;

/*!40101 SET SQL_MODE=''*/;

/*!40014 SET @OLD_FOREIGN_KEY_CHECKS=@@FOREIGN_KEY_CHECKS, FOREIGN_KEY_CHECKS=0 */;
/*!40101 SET @OLD_SQL_MODE=@@SQL_MODE, SQL_MODE='NO_AUTO_VALUE_ON_ZERO' */;

CREATE DATABASE /*!32312 IF NOT EXISTS*/`images` /*!40100 DEFAULT CHARACTER SET latin1 */;

USE `images`;

/*Table structure for table `albums` */

DROP TABLE IF EXISTS `albums`;

CREATE TABLE `albums` (
  `id` int(10) unsigned NOT NULL AUTO_INCREMENT,
  `title` varchar(255) COLLATE utf8_unicode_ci NOT NULL,
  `caption` varchar(255) COLLATE utf8_unicode_ci NOT NULL,
  `created_at` timestamp NOT NULL DEFAULT '0000-00-00 00:00:00',
  `updated_at` timestamp NOT NULL DEFAULT '0000-00-00 00:00:00',
  PRIMARY KEY (`id`)
) ENGINE=InnoDB DEFAULT CHARSET=utf8 COLLATE=utf8_unicode_ci;

/*Data for the table `albums` */

/*Table structure for table `comments` */

DROP TABLE IF EXISTS `comments`;

CREATE TABLE `comments` (
  `id` int(10) unsigned NOT NULL AUTO_INCREMENT,
  `user_id` varchar(255) COLLATE utf8_unicode_ci DEFAULT NULL,
  `image_id` varchar(255) COLLATE utf8_unicode_ci NOT NULL,
  `comment` text COLLATE utf8_unicode_ci NOT NULL,
  `created_at` timestamp NOT NULL DEFAULT '0000-00-00 00:00:00',
  `updated_at` timestamp NOT NULL DEFAULT '0000-00-00 00:00:00',
  `guestName` varchar(255) COLLATE utf8_unicode_ci DEFAULT NULL,
  PRIMARY KEY (`id`)
) ENGINE=InnoDB AUTO_INCREMENT=17 DEFAULT CHARSET=utf8 COLLATE=utf8_unicode_ci;

/*Data for the table `comments` */

insert  into `comments`(`id`,`user_id`,`image_id`,`comment`,`created_at`,`updated_at`,`guestName`) values (1,NULL,'989','dep vai~','0000-00-00 00:00:00','0000-00-00 00:00:00','Sieu nhan sip do'),(2,NULL,'989','sdasdad\r\nasdasdassdasdad\r\nasdasdas\r\nasdasdasd\r\nsdasdasdasd\r\nasdasdasdad\r\nasdasdasdas\r\ndasdasdasd\r\nasdsadas\r\ndas\r\ndas\r\nda\r\nsda\r\nsd\r\nasd\r\nasd\r\nas\r\ndas\r\ndasdasdasdasd\r\nasdasdasdasdas\r\ndasdsdasdad\r\nasdasdas\r\nasdasdasd\r\nsdasdasdasd\r\nasdasdasdad\r\nasdasdasdas\r\ndasdasdasd\r\nasdsadas\r\ndas\r\ndas\r\nda\r\nsda\r\nsd\r\nasd\r\nasd\r\nas\r\ndas\r\ndasdasdasdasd\r\nasdasdasdasdas\r\ndasdsdasdad\r\nasdasdas\r\nasdasdasd\r\nsdasdasdasd\r\nasdasdasdad\r\nasdasdasdas\r\ndasdasdasd\r\nasdsadas\r\ndas\r\ndas\r\nda\r\nsda\r\nsd\r\nasd\r\nasd\r\nas\r\ndas\r\ndasdasdasdasd\r\nasdasdasdasdas\r\ndasdsdasdad\r\nasdasdas\r\nasdasdasd\r\nsdasdasdasd\r\nasdasdasdad\r\nasdasdasdas\r\ndasdasdasd\r\nasdsadas\r\ndas\r\ndas\r\nda\r\nsda\r\nsd\r\nasd\r\nasd\r\nas\r\ndas\r\ndasdasdasdasd\r\nasdasdasdasdas\r\ndasdsdasdad\r\nasdasdas\r\nasdasdasd\r\nsdasdasdasd\r\nasdasdasdad\r\nasdasdasdas\r\ndasdasdasd\r\nasdsadas\r\ndas\r\ndas\r\nda\r\nsda\r\nsd\r\nasd\r\nasd\r\nas\r\ndas\r\ndasdasdasdasd\r\nasdasdasdasdas\r\ndasdsdasdad\r\nasdasdas\r\nasdasdasd\r\nsdasdasdasd\r\nasdasdasdad\r\nasdasdasdas\r\ndasdasdasd\r\nasdsadas\r\ndas\r\ndas\r\nda\r\nsda\r\nsd\r\nasd\r\nasd\r\nas\r\ndas\r\ndasdasdasdasd\r\nasdasdasdasdas\r\ndasdsdasdad\r\nasdasdas\r\nasdasdasd\r\nsdasdasdasd\r\nasdasdasdad\r\nasdasdasdas\r\ndasdasdasd\r\nasdsadas\r\ndas\r\ndas\r\nda\r\nsda\r\nsd\r\nasd\r\nasd\r\nas\r\ndas\r\ndasdasdasdasd\r\nasdasdasdasdas\r\ndasdsdasdad\r\nasdasdas\r\nasdasdasd\r\nsdasdasdasd\r\nasdasdasdad\r\nasdasdasdas\r\ndasdasdasd\r\nasdsadas\r\ndas\r\ndas\r\nda\r\nsda\r\nsd\r\nasd\r\nasd\r\nas\r\ndas\r\ndasdasdasdasd\r\nasdasdasdasdas\r\ndasd\r\nasdasdasd\r\nsdasdasdasd\r\nasdasdasdad\r\nasdasdasdas\r\ndasdasdasd\r\nasdsadas\r\ndas\r\ndas\r\nda\r\nsda\r\nsd\r\nasd\r\nasd\r\nas\r\ndas\r\ndasdasdasdasd\r\nasdasdasdasdas\r\ndasd','0000-00-00 00:00:00','0000-00-00 00:00:00','dashdsad'),(3,NULL,'989','asdsadasd','0000-00-00 00:00:00','0000-00-00 00:00:00',NULL),(4,NULL,'989','sdasdasd\r\nadasdas','0000-00-00 00:00:00','0000-00-00 00:00:00',NULL),(5,NULL,'987','khnah','2015-12-17 05:34:52','2015-12-17 05:34:52',NULL),(6,NULL,'988','lalala','2015-12-17 05:40:54','2015-12-17 05:40:54',NULL),(7,NULL,'987','adasdasdas','2015-12-17 05:41:34','2015-12-17 05:41:34',NULL),(8,NULL,'987','adasdasdas','2015-12-17 05:43:46','2015-12-17 05:43:46',NULL),(9,NULL,'987','adasdasdas','2015-12-17 05:44:56','2015-12-17 05:44:56',NULL),(10,NULL,'987','khanh','2015-12-17 05:45:42','2015-12-17 05:45:42',NULL),(11,NULL,'985','asdasdasdasdadadasd','2015-12-17 05:46:28','2015-12-17 05:46:28','asdasdsad'),(12,NULL,'987','ádasdasd','2015-12-17 07:10:52','2015-12-17 07:10:52','hung'),(13,NULL,'990','asdasdasdasd','2015-12-17 11:13:04','2015-12-17 11:13:04','1'),(14,NULL,'990','sadasdads','2015-12-17 11:16:05','2015-12-17 11:16:05','Night'),(15,NULL,'986','asdasdadasdads','2015-12-17 12:11:16','2015-12-17 12:11:16','Night'),(16,NULL,'986','áddasdasdasdsad','2015-12-17 12:22:02','2015-12-17 12:22:02','adasdasdas');

/*Table structure for table `imagealbums` */

DROP TABLE IF EXISTS `imagealbums`;

CREATE TABLE `imagealbums` (
  `image_id` varchar(255) COLLATE utf8_unicode_ci NOT NULL,
  `album_id` varchar(255) COLLATE utf8_unicode_ci NOT NULL,
  `created_at` timestamp NOT NULL DEFAULT '0000-00-00 00:00:00',
  `updated_at` timestamp NOT NULL DEFAULT '0000-00-00 00:00:00'
) ENGINE=InnoDB DEFAULT CHARSET=utf8 COLLATE=utf8_unicode_ci;

/*Data for the table `imagealbums` */

/*Table structure for table `images` */

DROP TABLE IF EXISTS `images`;

CREATE TABLE `images` (
  `id` int(10) unsigned NOT NULL AUTO_INCREMENT,
  `title` varchar(255) COLLATE utf8_unicode_ci NOT NULL,
  `caption` varchar(255) COLLATE utf8_unicode_ci NOT NULL,
  `vote_count` int(11) NOT NULL,
  `url_path` varchar(255) COLLATE utf8_unicode_ci NOT NULL,
  `created_at` timestamp NOT NULL DEFAULT '0000-00-00 00:00:00',
  `updated_at` timestamp NOT NULL DEFAULT '0000-00-00 00:00:00',
  `user_id` int(10) NOT NULL,
  `tag_id` int(10) DEFAULT NULL,
  PRIMARY KEY (`id`)
) ENGINE=InnoDB AUTO_INCREMENT=998 DEFAULT CHARSET=utf8 COLLATE=utf8_unicode_ci;

/*Data for the table `images` */

insert  into `images`(`id`,`title`,`caption`,`vote_count`,`url_path`,`created_at`,`updated_at`,`user_id`,`tag_id`) values (644,'Title 1','Caption photo 1',0,'1 (1).jpg','2015-12-13 07:12:17','2015-12-13 07:12:17',0,NULL),(645,'Title 2','Caption photo 2',0,'1 (2).jpg','2015-12-13 07:12:17','2015-12-13 07:12:17',0,NULL),(646,'Title 3','Caption photo 3',0,'1 (3).jpg','2015-12-13 07:12:17','2015-12-13 07:12:17',0,NULL),(647,'Title 4','Caption photo 4',0,'1 (4).jpg','2015-12-13 07:12:17','2015-12-13 07:12:17',0,NULL),(648,'Title 5','Caption photo 5',0,'1 (5).jpg','2015-12-13 07:12:17','2015-12-13 07:12:17',0,NULL),(649,'Title 6','Caption photo 6',0,'1 (6).jpg','2015-12-13 07:12:17','2015-12-13 07:12:17',0,NULL),(650,'Title 7','Caption photo 7',0,'1 (7).jpg','2015-12-13 07:12:17','2015-12-13 07:12:17',0,NULL),(651,'Title 8','Caption photo 8',0,'1 (8).jpg','2015-12-13 07:12:17','2015-12-13 07:12:17',0,NULL),(652,'Title 9','Caption photo 9',0,'1 (9).jpg','2015-12-13 07:12:17','2015-12-13 07:12:17',0,NULL),(653,'Title 10','Caption photo 10',0,'1 (10).jpg','2015-12-13 07:12:17','2015-12-13 07:12:17',0,NULL),(654,'Title 11','Caption photo 11',0,'1 (11).jpg','2015-12-13 07:12:17','2015-12-13 07:12:17',0,NULL),(655,'Title 12','Caption photo 12',0,'1 (12).jpg','2015-12-13 07:12:17','2015-12-13 07:12:17',0,NULL),(656,'Title 13','Caption photo 13',0,'1 (13).jpg','2015-12-13 07:12:17','2015-12-13 07:12:17',0,NULL),(657,'Title 14','Caption photo 14',0,'1 (14).jpg','2015-12-13 07:12:17','2015-12-13 07:12:17',0,NULL),(658,'Title 15','Caption photo 15',0,'1 (15).jpg','2015-12-13 07:12:17','2015-12-13 07:12:17',0,NULL),(659,'Title 16','Caption photo 16',0,'1 (16).jpg','2015-12-13 07:12:17','2015-12-13 07:12:17',0,NULL),(660,'Title 17','Caption photo 17',0,'1 (17).jpg','2015-12-13 07:12:18','2015-12-13 07:12:18',0,NULL),(661,'Title 18','Caption photo 18',0,'1 (18).jpg','2015-12-13 07:12:18','2015-12-13 07:12:18',0,NULL),(662,'Title 19','Caption photo 19',0,'1 (19).jpg','2015-12-13 07:12:18','2015-12-13 07:12:18',0,NULL),(663,'Title 20','Caption photo 20',0,'1 (20).jpg','2015-12-13 07:12:18','2015-12-13 07:12:18',0,NULL),(664,'Title 21','Caption photo 21',0,'1 (21).jpg','2015-12-13 07:12:18','2015-12-13 07:12:18',0,NULL),(665,'Title 22','Caption photo 22',0,'1 (22).jpg','2015-12-13 07:12:18','2015-12-13 07:12:18',0,NULL),(666,'Title 23','Caption photo 23',0,'1 (23).jpg','2015-12-13 07:12:18','2015-12-13 07:12:18',0,NULL),(667,'Title 24','Caption photo 24',0,'1 (24).jpg','2015-12-13 07:12:18','2015-12-13 07:12:18',0,NULL),(668,'Title 25','Caption photo 25',0,'1 (25).jpg','2015-12-13 07:12:18','2015-12-13 07:12:18',0,NULL),(669,'Title 26','Caption photo 26',0,'1 (26).jpg','2015-12-13 07:12:18','2015-12-13 07:12:18',0,NULL),(670,'Title 27','Caption photo 27',0,'1 (27).jpg','2015-12-13 07:12:18','2015-12-13 07:12:18',0,NULL),(671,'Title 28','Caption photo 28',0,'1 (28).jpg','2015-12-13 07:12:18','2015-12-13 07:12:18',0,NULL),(672,'Title 29','Caption photo 29',0,'1 (29).jpg','2015-12-13 07:12:19','2015-12-13 07:12:19',0,NULL),(673,'Title 30','Caption photo 30',0,'1 (30).jpg','2015-12-13 07:12:19','2015-12-13 07:12:19',0,NULL),(674,'Title 31','Caption photo 31',0,'1 (31).jpg','2015-12-13 07:12:19','2015-12-13 07:12:19',0,NULL),(675,'Title 32','Caption photo 32',0,'1 (32).jpg','2015-12-13 07:12:19','2015-12-13 07:12:19',0,NULL),(676,'Title 33','Caption photo 33',0,'1 (33).jpg','2015-12-13 07:12:19','2015-12-13 07:12:19',0,NULL),(677,'Title 34','Caption photo 34',0,'1 (34).jpg','2015-12-13 07:12:19','2015-12-13 07:12:19',0,NULL),(678,'Title 35','Caption photo 35',0,'1 (35).jpg','2015-12-13 07:12:19','2015-12-13 07:12:19',0,NULL),(679,'Title 36','Caption photo 36',0,'1 (36).jpg','2015-12-13 07:12:19','2015-12-13 07:12:19',0,NULL),(680,'Title 37','Caption photo 37',0,'1 (37).jpg','2015-12-13 07:12:19','2015-12-13 07:12:19',0,NULL),(681,'Title 38','Caption photo 38',0,'1 (38).jpg','2015-12-13 07:12:19','2015-12-13 07:12:19',0,NULL),(682,'Title 39','Caption photo 39',0,'1 (39).jpg','2015-12-13 07:12:19','2015-12-13 07:12:19',0,NULL),(683,'Title 40','Caption photo 40',0,'1 (40).jpg','2015-12-13 07:12:19','2015-12-13 07:12:19',0,NULL),(684,'Title 41','Caption photo 41',0,'1 (41).jpg','2015-12-13 07:12:19','2015-12-13 07:12:19',0,NULL),(685,'Title 42','Caption photo 42',0,'1 (42).jpg','2015-12-13 07:12:19','2015-12-13 07:12:19',0,NULL),(686,'Title 43','Caption photo 43',0,'1 (43).jpg','2015-12-13 07:12:19','2015-12-13 07:12:19',0,NULL),(687,'Title 44','Caption photo 44',0,'1 (44).jpg','2015-12-13 07:12:20','2015-12-13 07:12:20',0,NULL),(688,'Title 45','Caption photo 45',0,'1 (45).jpg','2015-12-13 07:12:20','2015-12-13 07:12:20',0,NULL),(689,'Title 46','Caption photo 46',0,'1 (46).jpg','2015-12-13 07:12:20','2015-12-13 07:12:20',0,NULL),(690,'Title 47','Caption photo 47',0,'1 (47).jpg','2015-12-13 07:12:20','2015-12-13 07:12:20',0,NULL),(691,'Title 48','Caption photo 48',0,'1 (48).jpg','2015-12-13 07:12:20','2015-12-13 07:12:20',0,NULL),(692,'Title 49','Caption photo 49',0,'1 (49).jpg','2015-12-13 07:12:20','2015-12-13 07:12:20',0,NULL),(693,'Title 50','Caption photo 50',0,'1 (50).jpg','2015-12-13 07:12:20','2015-12-13 07:12:20',0,NULL),(694,'Title 51','Caption photo 51',0,'1 (51).jpg','2015-12-13 07:12:20','2015-12-13 07:12:20',0,NULL),(695,'Title 52','Caption photo 52',0,'1 (52).jpg','2015-12-13 07:12:20','2015-12-13 07:12:20',0,NULL),(696,'Title 53','Caption photo 53',0,'1 (53).jpg','2015-12-13 07:12:20','2015-12-13 07:12:20',0,NULL),(697,'Title 54','Caption photo 54',0,'1 (54).jpg','2015-12-13 07:12:20','2015-12-13 07:12:20',0,NULL),(698,'Title 55','Caption photo 55',0,'1 (55).jpg','2015-12-13 07:12:20','2015-12-13 07:12:20',0,NULL),(699,'Title 56','Caption photo 56',0,'1 (56).jpg','2015-12-13 07:12:20','2015-12-13 07:12:20',0,NULL),(700,'Title 57','Caption photo 57',0,'1 (57).jpg','2015-12-13 07:12:20','2015-12-13 07:12:20',0,NULL),(701,'Title 58','Caption photo 58',0,'1 (58).jpg','2015-12-13 07:12:21','2015-12-13 07:12:21',0,NULL),(702,'Title 59','Caption photo 59',0,'1 (59).jpg','2015-12-13 07:12:21','2015-12-13 07:12:21',0,NULL),(703,'Title 60','Caption photo 60',0,'1 (60).jpg','2015-12-13 07:12:21','2015-12-13 07:12:21',0,NULL),(704,'Title 61','Caption photo 61',0,'1 (61).jpg','2015-12-13 07:12:21','2015-12-13 07:12:21',0,NULL),(705,'Title 62','Caption photo 62',0,'1 (62).jpg','2015-12-13 07:12:21','2015-12-13 07:12:21',0,NULL),(706,'Title 63','Caption photo 63',0,'1 (63).jpg','2015-12-13 07:12:21','2015-12-13 07:12:21',0,NULL),(707,'Title 64','Caption photo 64',0,'1 (64).jpg','2015-12-13 07:12:21','2015-12-13 07:12:21',0,NULL),(708,'Title 65','Caption photo 65',0,'1 (65).jpg','2015-12-13 07:12:21','2015-12-13 07:12:21',0,NULL),(709,'Title 66','Caption photo 66',0,'1 (66).jpg','2015-12-13 07:12:21','2015-12-13 07:12:21',0,NULL),(710,'Title 67','Caption photo 67',0,'1 (67).jpg','2015-12-13 07:12:21','2015-12-13 07:12:21',0,NULL),(711,'Title 68','Caption photo 68',0,'1 (68).jpg','2015-12-13 07:12:21','2015-12-13 07:12:21',0,NULL),(712,'Title 69','Caption photo 69',0,'1 (69).jpg','2015-12-13 07:12:21','2015-12-13 07:12:21',0,NULL),(713,'Title 70','Caption photo 70',0,'1 (70).jpg','2015-12-13 07:12:21','2015-12-13 07:12:21',0,NULL),(714,'Title 71','Caption photo 71',0,'1 (71).jpg','2015-12-13 07:12:21','2015-12-13 07:12:21',0,NULL),(715,'Title 72','Caption photo 72',0,'1 (72).jpg','2015-12-13 07:12:21','2015-12-13 07:12:21',0,NULL),(716,'Title 73','Caption photo 73',0,'1 (73).jpg','2015-12-13 07:12:21','2015-12-13 07:12:21',0,NULL),(717,'Title 74','Caption photo 74',0,'1 (74).jpg','2015-12-13 07:12:21','2015-12-13 07:12:21',0,NULL),(718,'Title 75','Caption photo 75',0,'1 (75).jpg','2015-12-13 07:12:22','2015-12-13 07:12:22',0,NULL),(719,'Title 76','Caption photo 76',0,'1 (76).jpg','2015-12-13 07:12:22','2015-12-13 07:12:22',0,NULL),(720,'Title 77','Caption photo 77',0,'1 (77).jpg','2015-12-13 07:12:22','2015-12-13 07:12:22',0,NULL),(721,'Title 78','Caption photo 78',0,'1 (78).jpg','2015-12-13 07:12:22','2015-12-13 07:12:22',0,NULL),(722,'Title 79','Caption photo 79',0,'1 (79).jpg','2015-12-13 07:12:22','2015-12-13 07:12:22',0,NULL),(723,'Title 80','Caption photo 80',0,'1 (80).jpg','2015-12-13 07:12:22','2015-12-13 07:12:22',0,NULL),(724,'Title 81','Caption photo 81',0,'1 (81).jpg','2015-12-13 07:12:22','2015-12-13 07:12:22',0,NULL),(725,'Title 82','Caption photo 82',0,'1 (82).jpg','2015-12-13 07:12:22','2015-12-13 07:12:22',0,NULL),(726,'Title 83','Caption photo 83',0,'1 (83).jpg','2015-12-13 07:12:22','2015-12-13 07:12:22',0,NULL),(727,'Title 84','Caption photo 84',0,'1 (84).jpg','2015-12-13 07:12:22','2015-12-13 07:12:22',0,NULL),(728,'Title 85','Caption photo 85',0,'1 (85).jpg','2015-12-13 07:12:22','2015-12-13 07:12:22',0,NULL),(729,'Title 86','Caption photo 86',0,'1 (86).jpg','2015-12-13 07:12:22','2015-12-13 07:12:22',0,NULL),(730,'Title 87','Caption photo 87',0,'1 (87).jpg','2015-12-13 07:12:22','2015-12-13 07:12:22',0,NULL),(731,'Title 88','Caption photo 88',0,'1 (88).jpg','2015-12-13 07:12:22','2015-12-13 07:12:22',0,NULL),(732,'Title 89','Caption photo 89',0,'1 (89).jpg','2015-12-13 07:12:22','2015-12-13 07:12:22',0,NULL),(733,'Title 90','Caption photo 90',0,'1 (90).jpg','2015-12-13 07:12:22','2015-12-13 07:12:22',0,NULL),(734,'Title 91','Caption photo 91',0,'1 (91).jpg','2015-12-13 07:12:22','2015-12-13 07:12:22',0,NULL),(735,'Title 92','Caption photo 92',0,'1 (92).jpg','2015-12-13 07:12:23','2015-12-13 07:12:23',0,NULL),(736,'Title 93','Caption photo 93',0,'1 (93).jpg','2015-12-13 07:12:23','2015-12-13 07:12:23',0,NULL),(737,'Title 94','Caption photo 94',0,'1 (94).jpg','2015-12-13 07:12:23','2015-12-13 07:12:23',0,NULL),(738,'Title 95','Caption photo 95',0,'1 (95).jpg','2015-12-13 07:12:23','2015-12-13 07:12:23',0,NULL),(739,'Title 96','Caption photo 96',0,'1 (96).jpg','2015-12-13 07:12:23','2015-12-13 07:12:23',0,NULL),(740,'Title 97','Caption photo 97',0,'1 (97).jpg','2015-12-13 07:12:23','2015-12-13 07:12:23',0,NULL),(741,'Title 98','Caption photo 98',0,'1 (98).jpg','2015-12-13 07:12:23','2015-12-13 07:12:23',0,NULL),(742,'Title 99','Caption photo 99',0,'1 (99).jpg','2015-12-13 07:12:23','2015-12-13 07:12:23',0,NULL),(743,'Title 100','Caption photo 100',0,'1 (100).jpg','2015-12-13 07:12:23','2015-12-13 07:12:23',0,NULL),(744,'Title 101','Caption photo 101',0,'1 (101).jpg','2015-12-13 07:12:23','2015-12-13 07:12:23',0,NULL),(745,'Title 102','Caption photo 102',0,'1 (102).jpg','2015-12-13 07:12:23','2015-12-13 07:12:23',0,NULL),(746,'Title 103','Caption photo 103',0,'1 (103).jpg','2015-12-13 07:12:23','2015-12-13 07:12:23',0,NULL),(747,'Title 104','Caption photo 104',0,'1 (104).jpg','2015-12-13 07:12:23','2015-12-13 07:12:23',0,NULL),(748,'Title 105','Caption photo 105',0,'1 (105).jpg','2015-12-13 07:12:23','2015-12-13 07:12:23',0,NULL),(749,'Title 106','Caption photo 106',0,'1 (106).jpg','2015-12-13 07:12:24','2015-12-13 07:12:24',0,NULL),(750,'Title 107','Caption photo 107',0,'1 (107).jpg','2015-12-13 07:12:24','2015-12-13 07:12:24',0,NULL),(751,'Title 108','Caption photo 108',0,'1 (108).jpg','2015-12-13 07:12:24','2015-12-13 07:12:24',0,NULL),(752,'Title 109','Caption photo 109',0,'1 (109).jpg','2015-12-13 07:12:24','2015-12-13 07:12:24',0,NULL),(753,'Title 110','Caption photo 110',0,'1 (110).jpg','2015-12-13 07:12:24','2015-12-13 07:12:24',0,NULL),(754,'Title 111','Caption photo 111',0,'1 (111).jpg','2015-12-13 07:12:24','2015-12-13 07:12:24',0,NULL),(755,'Title 112','Caption photo 112',0,'1 (112).jpg','2015-12-13 07:12:24','2015-12-13 07:12:24',0,NULL),(756,'Title 113','Caption photo 113',0,'1 (113).jpg','2015-12-13 07:12:24','2015-12-13 07:12:24',0,NULL),(757,'Title 114','Caption photo 114',0,'1 (114).jpg','2015-12-13 07:12:24','2015-12-13 07:12:24',0,NULL),(758,'Title 115','Caption photo 115',0,'1 (115).jpg','2015-12-13 07:12:24','2015-12-13 07:12:24',0,NULL),(759,'Title 116','Caption photo 116',0,'1 (116).jpg','2015-12-13 07:12:24','2015-12-13 07:12:24',0,NULL),(760,'Title 117','Caption photo 117',0,'1 (117).jpg','2015-12-13 07:12:24','2015-12-13 07:12:24',0,NULL),(761,'Title 118','Caption photo 118',0,'1 (118).jpg','2015-12-13 07:12:24','2015-12-13 07:12:24',0,NULL),(762,'Title 119','Caption photo 119',0,'1 (119).jpg','2015-12-13 07:12:24','2015-12-13 07:12:24',0,NULL),(763,'Title 120','Caption photo 120',0,'1 (120).jpg','2015-12-13 07:12:24','2015-12-13 07:12:24',0,NULL),(764,'Title 121','Caption photo 121',0,'1 (121).jpg','2015-12-13 07:12:24','2015-12-13 07:12:24',0,NULL),(765,'Title 122','Caption photo 122',0,'1 (122).jpg','2015-12-13 07:12:24','2015-12-13 07:12:24',0,NULL),(766,'Title 123','Caption photo 123',0,'1 (123).jpg','2015-12-13 07:12:24','2015-12-13 07:12:24',0,NULL),(767,'Title 124','Caption photo 124',0,'1 (124).jpg','2015-12-13 07:12:25','2015-12-13 07:12:25',0,NULL),(768,'Title 125','Caption photo 125',0,'1 (125).jpg','2015-12-13 07:12:25','2015-12-13 07:12:25',0,NULL),(769,'Title 126','Caption photo 126',0,'1 (126).jpg','2015-12-13 07:12:25','2015-12-13 07:12:25',0,NULL),(770,'Title 127','Caption photo 127',0,'1 (127).jpg','2015-12-13 07:12:25','2015-12-13 07:12:25',0,NULL),(771,'Title 128','Caption photo 128',0,'1 (128).jpg','2015-12-13 07:12:25','2015-12-13 07:12:25',0,NULL),(772,'Title 129','Caption photo 129',0,'1 (129).jpg','2015-12-13 07:12:25','2015-12-13 07:12:25',0,NULL),(773,'Title 130','Caption photo 130',0,'1 (130).jpg','2015-12-13 07:12:25','2015-12-13 07:12:25',0,NULL),(774,'Title 131','Caption photo 131',0,'1 (131).jpg','2015-12-13 07:12:25','2015-12-13 07:12:25',0,NULL),(775,'Title 132','Caption photo 132',0,'1 (132).jpg','2015-12-13 07:12:25','2015-12-13 07:12:25',0,NULL),(776,'Title 133','Caption photo 133',0,'1 (133).jpg','2015-12-13 07:12:25','2015-12-13 07:12:25',0,NULL),(777,'Title 134','Caption photo 134',0,'1 (134).jpg','2015-12-13 07:12:25','2015-12-13 07:12:25',0,NULL),(778,'Title 135','Caption photo 135',0,'1 (135).jpg','2015-12-13 07:12:26','2015-12-13 07:12:26',0,NULL),(779,'Title 136','Caption photo 136',0,'1 (136).jpg','2015-12-13 07:12:26','2015-12-13 07:12:26',0,NULL),(780,'Title 137','Caption photo 137',0,'1 (137).jpg','2015-12-13 07:12:26','2015-12-13 07:12:26',0,NULL),(781,'Title 138','Caption photo 138',0,'1 (138).jpg','2015-12-13 07:12:26','2015-12-13 07:12:26',0,NULL),(782,'Title 139','Caption photo 139',0,'1 (139).jpg','2015-12-13 07:12:26','2015-12-13 07:12:26',0,NULL),(783,'Title 140','Caption photo 140',0,'1 (140).jpg','2015-12-13 07:12:26','2015-12-13 07:12:26',0,NULL),(784,'Title 141','Caption photo 141',0,'1 (141).jpg','2015-12-13 07:12:26','2015-12-13 07:12:26',0,NULL),(785,'Title 142','Caption photo 142',0,'1 (142).jpg','2015-12-13 07:12:27','2015-12-13 07:12:27',0,NULL),(786,'Title 143','Caption photo 143',0,'1 (143).jpg','2015-12-13 07:12:27','2015-12-13 07:12:27',0,NULL),(787,'Title 144','Caption photo 144',0,'1 (144).jpg','2015-12-13 07:12:27','2015-12-13 07:12:27',0,NULL),(788,'Title 145','Caption photo 145',0,'1 (145).jpg','2015-12-13 07:12:27','2015-12-13 07:12:27',0,NULL),(789,'Title 146','Caption photo 146',0,'1 (146).jpg','2015-12-13 07:12:27','2015-12-13 07:12:27',0,NULL),(790,'Title 147','Caption photo 147',0,'1 (147).jpg','2015-12-13 07:12:27','2015-12-13 07:12:27',0,NULL),(791,'Title 148','Caption photo 148',0,'1 (148).jpg','2015-12-13 07:12:27','2015-12-13 07:12:27',0,NULL),(792,'Title 149','Caption photo 149',0,'1 (149).jpg','2015-12-13 07:12:27','2015-12-13 07:12:27',0,NULL),(793,'Title 150','Caption photo 150',0,'1 (150).jpg','2015-12-13 07:12:27','2015-12-13 07:12:27',0,NULL),(794,'Title 151','Caption photo 151',0,'1 (151).jpg','2015-12-13 07:12:27','2015-12-13 07:12:27',0,NULL),(795,'Title 152','Caption photo 152',0,'1 (152).jpg','2015-12-13 07:12:27','2015-12-13 07:12:27',0,NULL),(796,'Title 153','Caption photo 153',0,'1 (153).jpg','2015-12-13 07:12:28','2015-12-13 07:12:28',0,NULL),(797,'Title 154','Caption photo 154',0,'1 (154).jpg','2015-12-13 07:12:28','2015-12-13 07:12:28',0,NULL),(798,'Title 155','Caption photo 155',0,'1 (155).jpg','2015-12-13 07:12:28','2015-12-13 07:12:28',0,NULL),(799,'Title 156','Caption photo 156',0,'1 (156).jpg','2015-12-13 07:12:28','2015-12-13 07:12:28',0,NULL),(800,'Title 157','Caption photo 157',0,'1 (157).jpg','2015-12-13 07:12:28','2015-12-13 07:12:28',0,NULL),(801,'Title 158','Caption photo 158',0,'1 (158).jpg','2015-12-13 07:12:28','2015-12-13 07:12:28',0,NULL),(802,'Title 159','Caption photo 159',0,'1 (159).jpg','2015-12-13 07:12:28','2015-12-13 07:12:28',0,NULL),(803,'Title 160','Caption photo 160',0,'1 (160).jpg','2015-12-13 07:12:28','2015-12-13 07:12:28',0,NULL),(804,'Title 161','Caption photo 161',0,'1 (161).jpg','2015-12-13 07:12:28','2015-12-13 07:12:28',0,NULL),(805,'Title 162','Caption photo 162',0,'1 (162).jpg','2015-12-13 07:12:28','2015-12-13 07:12:28',0,NULL),(806,'Title 163','Caption photo 163',0,'1 (163).jpg','2015-12-13 07:12:28','2015-12-13 07:12:28',0,NULL),(807,'Title 164','Caption photo 164',0,'1 (164).jpg','2015-12-13 07:12:28','2015-12-13 07:12:28',0,NULL),(808,'Title 165','Caption photo 165',0,'1 (165).jpg','2015-12-13 07:12:28','2015-12-13 07:12:28',0,NULL),(809,'Title 166','Caption photo 166',0,'1 (166).jpg','2015-12-13 07:12:28','2015-12-13 07:12:28',0,NULL),(810,'Title 167','Caption photo 167',0,'1 (167).jpg','2015-12-13 07:12:28','2015-12-13 07:12:28',0,NULL),(811,'Title 168','Caption photo 168',0,'1 (168).jpg','2015-12-13 07:12:28','2015-12-13 07:12:28',0,NULL),(812,'Title 169','Caption photo 169',0,'1 (169).jpg','2015-12-13 07:12:28','2015-12-13 07:12:28',0,NULL),(813,'Title 170','Caption photo 170',0,'1 (170).jpg','2015-12-13 07:12:29','2015-12-13 07:12:29',0,NULL),(814,'Title 171','Caption photo 171',0,'1 (171).jpg','2015-12-13 07:12:29','2015-12-13 07:12:29',0,NULL),(815,'Title 172','Caption photo 172',0,'1 (172).jpg','2015-12-13 07:12:29','2015-12-13 07:12:29',0,NULL),(816,'Title 173','Caption photo 173',0,'1 (173).jpg','2015-12-13 07:12:29','2015-12-13 07:12:29',0,NULL),(817,'Title 174','Caption photo 174',0,'1 (174).jpg','2015-12-13 07:12:29','2015-12-13 07:12:29',0,NULL),(818,'Title 175','Caption photo 175',0,'1 (175).jpg','2015-12-13 07:12:29','2015-12-13 07:12:29',0,NULL),(819,'Title 176','Caption photo 176',0,'1 (176).jpg','2015-12-13 07:12:29','2015-12-13 07:12:29',0,NULL),(820,'Title 177','Caption photo 177',0,'1 (177).jpg','2015-12-13 07:12:29','2015-12-13 07:12:29',0,NULL),(821,'Title 178','Caption photo 178',0,'1 (178).jpg','2015-12-13 07:12:29','2015-12-13 07:12:29',0,NULL),(822,'Title 179','Caption photo 179',0,'1 (179).jpg','2015-12-13 07:12:29','2015-12-13 07:12:29',0,NULL),(823,'Title 180','Caption photo 180',0,'1 (180).jpg','2015-12-13 07:12:29','2015-12-13 07:12:29',0,NULL),(824,'Title 181','Caption photo 181',0,'1 (181).jpg','2015-12-13 07:12:29','2015-12-13 07:12:29',0,NULL),(825,'Title 182','Caption photo 182',0,'1 (182).jpg','2015-12-13 07:12:29','2015-12-13 07:12:29',0,NULL),(826,'Title 183','Caption photo 183',0,'1 (183).jpg','2015-12-13 07:12:29','2015-12-13 07:12:29',0,NULL),(827,'Title 184','Caption photo 184',0,'1 (184).jpg','2015-12-13 07:12:30','2015-12-13 07:12:30',0,NULL),(828,'Title 185','Caption photo 185',0,'1 (185).jpg','2015-12-13 07:12:30','2015-12-13 07:12:30',0,NULL),(829,'Title 186','Caption photo 186',0,'1 (186).jpg','2015-12-13 07:12:30','2015-12-13 07:12:30',0,NULL),(830,'Title 187','Caption photo 187',0,'1 (187).jpg','2015-12-13 07:12:30','2015-12-13 07:12:30',0,NULL),(831,'Title 188','Caption photo 188',0,'1 (188).jpg','2015-12-13 07:12:30','2015-12-13 07:12:30',0,NULL),(832,'Title 189','Caption photo 189',0,'1 (189).jpg','2015-12-13 07:12:30','2015-12-13 07:12:30',0,NULL),(833,'Title 190','Caption photo 190',0,'1 (190).jpg','2015-12-13 07:12:30','2015-12-13 07:12:30',0,NULL),(834,'Title 191','Caption photo 191',0,'1 (191).jpg','2015-12-13 07:12:30','2015-12-13 07:12:30',0,NULL),(835,'Title 192','Caption photo 192',0,'1 (192).jpg','2015-12-13 07:12:30','2015-12-13 07:12:30',0,NULL),(836,'Title 193','Caption photo 193',0,'1 (193).jpg','2015-12-13 07:12:30','2015-12-13 07:12:30',0,NULL),(837,'Title 194','Caption photo 194',0,'1 (194).jpg','2015-12-13 07:12:31','2015-12-13 07:12:31',0,NULL),(838,'Title 195','Caption photo 195',0,'1 (195).jpg','2015-12-13 07:12:31','2015-12-13 07:12:31',0,NULL),(839,'Title 196','Caption photo 196',0,'1 (196).jpg','2015-12-13 07:12:31','2015-12-13 07:12:31',0,NULL),(840,'Title 197','Caption photo 197',0,'1 (197).jpg','2015-12-13 07:12:31','2015-12-13 07:12:31',0,NULL),(841,'Title 198','Caption photo 198',0,'1 (198).jpg','2015-12-13 07:12:31','2015-12-13 07:12:31',0,NULL),(842,'Title 199','Caption photo 199',0,'1 (199).jpg','2015-12-13 07:12:31','2015-12-13 07:12:31',0,NULL),(843,'Title 200','Caption photo 200',0,'1 (200).jpg','2015-12-13 07:12:31','2015-12-13 07:12:31',0,NULL),(844,'Title 201','Caption photo 201',0,'1 (201).jpg','2015-12-13 07:12:31','2015-12-13 07:12:31',0,NULL),(845,'Title 202','Caption photo 202',0,'1 (202).jpg','2015-12-13 07:12:31','2015-12-13 07:12:31',0,NULL),(846,'Title 203','Caption photo 203',0,'1 (203).jpg','2015-12-13 07:12:31','2015-12-13 07:12:31',0,NULL),(847,'Title 204','Caption photo 204',0,'1 (204).jpg','2015-12-13 07:12:31','2015-12-13 07:12:31',0,NULL),(848,'Title 205','Caption photo 205',0,'1 (205).jpg','2015-12-13 07:12:31','2015-12-13 07:12:31',0,NULL),(849,'Title 206','Caption photo 206',0,'1 (206).jpg','2015-12-13 07:12:31','2015-12-13 07:12:31',0,NULL),(850,'Title 207','Caption photo 207',0,'1 (207).jpg','2015-12-13 07:12:31','2015-12-13 07:12:31',0,NULL),(851,'Title 208','Caption photo 208',0,'1 (208).jpg','2015-12-13 07:12:31','2015-12-13 07:12:31',0,NULL),(852,'Title 209','Caption photo 209',0,'1 (209).jpg','2015-12-13 07:12:31','2015-12-13 07:12:31',0,NULL),(853,'Title 210','Caption photo 210',0,'1 (210).jpg','2015-12-13 07:12:32','2015-12-13 07:12:32',0,NULL),(854,'Title 211','Caption photo 211',0,'1 (211).jpg','2015-12-13 07:12:32','2015-12-13 07:12:32',0,NULL),(855,'Title 212','Caption photo 212',0,'1 (212).jpg','2015-12-13 07:12:32','2015-12-13 07:12:32',0,NULL),(856,'Title 213','Caption photo 213',0,'1 (213).jpg','2015-12-13 07:12:32','2015-12-13 07:12:32',0,NULL),(857,'Title 214','Caption photo 214',0,'1 (214).jpg','2015-12-13 07:12:32','2015-12-13 07:12:32',0,NULL),(858,'Title 215','Caption photo 215',0,'1 (215).jpg','2015-12-13 07:12:32','2015-12-13 07:12:32',0,NULL),(859,'Title 216','Caption photo 216',0,'1 (216).jpg','2015-12-13 07:12:32','2015-12-13 07:12:32',0,NULL),(860,'Title 217','Caption photo 217',0,'1 (217).jpg','2015-12-13 07:12:32','2015-12-13 07:12:32',0,NULL),(861,'Title 218','Caption photo 218',0,'1 (218).jpg','2015-12-13 07:12:32','2015-12-13 07:12:32',0,NULL),(862,'Title 219','Caption photo 219',0,'1 (219).jpg','2015-12-13 07:12:32','2015-12-13 07:12:32',0,NULL),(863,'Title 220','Caption photo 220',0,'1 (220).jpg','2015-12-13 07:12:32','2015-12-13 07:12:32',0,NULL),(864,'Title 221','Caption photo 221',0,'1 (221).jpg','2015-12-13 07:12:32','2015-12-13 07:12:32',0,NULL),(865,'Title 222','Caption photo 222',0,'1 (222).jpg','2015-12-13 07:12:32','2015-12-13 07:12:32',0,NULL),(866,'Title 223','Caption photo 223',0,'1 (223).jpg','2015-12-13 07:12:32','2015-12-13 07:12:32',0,NULL),(867,'Title 224','Caption photo 224',0,'1 (224).jpg','2015-12-13 07:12:32','2015-12-13 07:12:32',0,NULL),(868,'Title 225','Caption photo 225',0,'1 (225).jpg','2015-12-13 07:12:32','2015-12-13 07:12:32',0,NULL),(869,'Title 226','Caption photo 226',0,'1 (226).jpg','2015-12-13 07:12:33','2015-12-13 07:12:33',0,NULL),(870,'Title 227','Caption photo 227',0,'1 (227).jpg','2015-12-13 07:12:33','2015-12-13 07:12:33',0,NULL),(871,'Title 228','Caption photo 228',0,'1 (228).jpg','2015-12-13 07:12:33','2015-12-13 07:12:33',0,NULL),(872,'Title 229','Caption photo 229',0,'1 (229).jpg','2015-12-13 07:12:33','2015-12-13 07:12:33',0,NULL),(873,'Title 230','Caption photo 230',0,'1 (230).jpg','2015-12-13 07:12:33','2015-12-13 07:12:33',0,NULL),(874,'Title 231','Caption photo 231',0,'1 (231).jpg','2015-12-13 07:12:33','2015-12-13 07:12:33',0,NULL),(875,'Title 232','Caption photo 232',0,'1 (232).jpg','2015-12-13 07:12:33','2015-12-13 07:12:33',0,NULL),(876,'Title 233','Caption photo 233',0,'1 (233).jpg','2015-12-13 07:12:33','2015-12-13 07:12:33',0,NULL),(877,'Title 234','Caption photo 234',0,'1 (234).jpg','2015-12-13 07:12:33','2015-12-13 07:12:33',0,NULL),(878,'Title 235','Caption photo 235',0,'1 (235).jpg','2015-12-13 07:12:33','2015-12-13 07:12:33',0,NULL),(879,'Title 236','Caption photo 236',0,'1 (236).jpg','2015-12-13 07:12:33','2015-12-13 07:12:33',0,NULL),(880,'Title 237','Caption photo 237',0,'1 (237).jpg','2015-12-13 07:12:33','2015-12-13 07:12:33',0,NULL),(881,'Title 238','Caption photo 238',0,'1 (238).jpg','2015-12-13 07:12:34','2015-12-13 07:12:34',0,NULL),(882,'Title 239','Caption photo 239',0,'1 (239).jpg','2015-12-13 07:12:34','2015-12-13 07:12:34',0,NULL),(883,'Title 240','Caption photo 240',0,'1 (240).jpg','2015-12-13 07:12:34','2015-12-13 07:12:34',0,NULL),(884,'Title 241','Caption photo 241',0,'1 (241).jpg','2015-12-13 07:12:34','2015-12-13 07:12:34',0,NULL),(885,'Title 242','Caption photo 242',0,'1 (242).jpg','2015-12-13 07:12:34','2015-12-13 07:12:34',0,NULL),(886,'Title 243','Caption photo 243',0,'1 (243).jpg','2015-12-13 07:12:34','2015-12-13 07:12:34',0,NULL),(887,'Title 244','Caption photo 244',0,'1 (244).jpg','2015-12-13 07:12:34','2015-12-13 07:12:34',0,NULL),(888,'Title 245','Caption photo 245',0,'1 (245).jpg','2015-12-13 07:12:34','2015-12-13 07:12:34',0,NULL),(889,'Title 246','Caption photo 246',0,'1 (246).jpg','2015-12-13 07:12:34','2015-12-13 07:12:34',0,NULL),(890,'Title 247','Caption photo 247',0,'1 (247).jpg','2015-12-13 07:12:34','2015-12-13 07:12:34',0,NULL),(891,'Title 248','Caption photo 248',0,'1 (248).jpg','2015-12-13 07:12:34','2015-12-13 07:12:34',0,NULL),(892,'Title 249','Caption photo 249',0,'1 (249).jpg','2015-12-13 07:12:34','2015-12-13 07:12:34',0,NULL),(893,'Title 250','Caption photo 250',0,'1 (250).jpg','2015-12-13 07:12:34','2015-12-13 07:12:34',0,NULL),(894,'Title 251','Caption photo 251',0,'1 (251).jpg','2015-12-13 07:12:34','2015-12-13 07:12:34',0,NULL),(895,'Title 252','Caption photo 252',0,'1 (252).jpg','2015-12-13 07:12:34','2015-12-13 07:12:34',0,NULL),(896,'Title 253','Caption photo 253',0,'1 (253).jpg','2015-12-13 07:12:34','2015-12-13 07:12:34',0,NULL),(897,'Title 254','Caption photo 254',0,'1 (254).jpg','2015-12-13 07:12:34','2015-12-13 07:12:34',0,NULL),(898,'Title 255','Caption photo 255',0,'1 (255).jpg','2015-12-13 07:12:35','2015-12-13 07:12:35',0,NULL),(899,'Title 256','Caption photo 256',0,'1 (256).jpg','2015-12-13 07:12:35','2015-12-13 07:12:35',0,NULL),(900,'Title 257','Caption photo 257',0,'1 (257).jpg','2015-12-13 07:12:35','2015-12-13 07:12:35',0,NULL),(901,'Title 258','Caption photo 258',0,'1 (258).jpg','2015-12-13 07:12:35','2015-12-13 07:12:35',0,NULL),(902,'Title 259','Caption photo 259',0,'1 (259).jpg','2015-12-13 07:12:35','2015-12-13 07:12:35',0,NULL),(903,'Title 260','Caption photo 260',0,'1 (260).jpg','2015-12-13 07:12:35','2015-12-13 07:12:35',0,NULL),(904,'Title 261','Caption photo 261',0,'1 (261).jpg','2015-12-13 07:12:35','2015-12-13 07:12:35',0,NULL),(905,'Title 262','Caption photo 262',0,'1 (262).jpg','2015-12-13 07:12:35','2015-12-13 07:12:35',0,NULL),(906,'Title 263','Caption photo 263',0,'1 (263).jpg','2015-12-13 07:12:35','2015-12-13 07:12:35',0,NULL),(907,'Title 264','Caption photo 264',0,'1 (264).jpg','2015-12-13 07:12:35','2015-12-13 07:12:35',0,NULL),(908,'Title 265','Caption photo 265',0,'1 (265).jpg','2015-12-13 07:12:35','2015-12-13 07:12:35',0,NULL),(909,'Title 266','Caption photo 266',0,'1 (266).jpg','2015-12-13 07:12:35','2015-12-13 07:12:35',0,NULL),(910,'Title 267','Caption photo 267',0,'1 (267).jpg','2015-12-13 07:12:35','2015-12-13 07:12:35',0,NULL),(911,'Title 268','Caption photo 268',0,'1 (268).jpg','2015-12-13 07:12:35','2015-12-13 07:12:35',0,NULL),(912,'Title 269','Caption photo 269',0,'1 (269).jpg','2015-12-13 07:12:35','2015-12-13 07:12:35',0,NULL),(913,'Title 270','Caption photo 270',0,'1 (270).jpg','2015-12-13 07:12:36','2015-12-13 07:12:36',0,NULL),(914,'Title 271','Caption photo 271',0,'1 (271).jpg','2015-12-13 07:12:36','2015-12-13 07:12:36',0,NULL),(915,'Title 272','Caption photo 272',0,'1 (272).jpg','2015-12-13 07:12:36','2015-12-13 07:12:36',0,NULL),(916,'Title 273','Caption photo 273',0,'1 (273).jpg','2015-12-13 07:12:36','2015-12-13 07:12:36',0,NULL),(917,'Title 274','Caption photo 274',0,'1 (274).jpg','2015-12-13 07:12:36','2015-12-13 07:12:36',0,NULL),(918,'Title 275','Caption photo 275',0,'1 (275).jpg','2015-12-13 07:12:36','2015-12-13 07:12:36',0,NULL),(919,'Title 276','Caption photo 276',0,'1 (276).jpg','2015-12-13 07:12:36','2015-12-13 07:12:36',0,NULL),(920,'Title 277','Caption photo 277',0,'1 (277).jpg','2015-12-13 07:12:36','2015-12-13 07:12:36',0,NULL),(921,'Title 278','Caption photo 278',0,'1 (278).jpg','2015-12-13 07:12:36','2015-12-13 07:12:36',0,NULL),(922,'Title 279','Caption photo 279',0,'1 (279).jpg','2015-12-13 07:12:36','2015-12-13 07:12:36',0,NULL),(923,'Title 280','Caption photo 280',0,'1 (280).jpg','2015-12-13 07:12:36','2015-12-13 07:12:36',0,NULL),(924,'Title 281','Caption photo 281',0,'1 (281).jpg','2015-12-13 07:12:36','2015-12-13 07:12:36',0,NULL),(925,'Title 282','Caption photo 282',0,'1 (282).jpg','2015-12-13 07:12:36','2015-12-13 07:12:36',0,NULL),(926,'Title 283','Caption photo 283',0,'1 (283).jpg','2015-12-13 07:12:36','2015-12-13 07:12:36',0,NULL),(927,'Title 284','Caption photo 284',0,'1 (284).jpg','2015-12-13 07:12:36','2015-12-13 07:12:36',0,NULL),(928,'Title 285','Caption photo 285',0,'1 (285).jpg','2015-12-13 07:12:36','2015-12-13 07:12:36',0,NULL),(929,'Title 286','Caption photo 286',0,'1 (286).jpg','2015-12-13 07:12:37','2015-12-13 07:12:37',0,NULL),(930,'Title 287','Caption photo 287',0,'1 (287).jpg','2015-12-13 07:12:37','2015-12-13 07:12:37',0,NULL),(931,'Title 288','Caption photo 288',0,'1 (288).jpg','2015-12-13 07:12:37','2015-12-13 07:12:37',0,NULL),(932,'Title 289','Caption photo 289',0,'1 (289).jpg','2015-12-13 07:12:37','2015-12-13 07:12:37',0,NULL),(933,'Title 290','Caption photo 290',0,'1 (290).jpg','2015-12-13 07:12:37','2015-12-13 07:12:37',0,NULL),(934,'Title 291','Caption photo 291',0,'1 (291).jpg','2015-12-13 07:12:37','2015-12-13 07:12:37',0,NULL),(935,'Title 292','Caption photo 292',0,'1 (292).jpg','2015-12-13 07:12:37','2015-12-13 07:12:37',0,NULL),(936,'Title 293','Caption photo 293',0,'1 (293).jpg','2015-12-13 07:12:37','2015-12-13 07:12:37',0,NULL),(937,'Title 294','Caption photo 294',0,'1 (294).jpg','2015-12-13 07:12:37','2015-12-13 07:12:37',0,NULL),(938,'Title 295','Caption photo 295',0,'1 (295).jpg','2015-12-13 07:12:37','2015-12-13 07:12:37',0,NULL),(939,'Title 296','Caption photo 296',0,'1 (296).jpg','2015-12-13 07:12:37','2015-12-13 07:12:37',0,NULL),(940,'Title 297','Caption photo 297',0,'1 (297).jpg','2015-12-13 07:12:37','2015-12-13 07:12:37',0,NULL),(941,'Title 298','Caption photo 298',0,'1 (298).jpg','2015-12-13 07:12:37','2015-12-13 07:12:37',0,NULL),(942,'Title 299','Caption photo 299',0,'1 (299).jpg','2015-12-13 07:12:37','2015-12-13 07:12:37',0,NULL),(943,'Title 300','Caption photo 300',0,'1 (300).jpg','2015-12-13 07:12:37','2015-12-13 07:12:37',0,NULL),(944,'Title 301','Caption photo 301',0,'1 (301).jpg','2015-12-13 07:12:37','2015-12-13 07:12:37',0,NULL),(945,'Title 302','Caption photo 302',0,'1 (302).jpg','2015-12-13 07:12:38','2015-12-13 07:12:38',0,NULL),(946,'Title 303','Caption photo 303',0,'1 (303).jpg','2015-12-13 07:12:38','2015-12-13 07:12:38',0,NULL),(947,'Title 304','Caption photo 304',0,'1 (304).jpg','2015-12-13 07:12:38','2015-12-13 07:12:38',0,NULL),(948,'Title 305','Caption photo 305',0,'1 (305).jpg','2015-12-13 07:12:38','2015-12-13 07:12:38',0,NULL),(949,'Title 306','Caption photo 306',0,'1 (306).jpg','2015-12-13 07:12:38','2015-12-13 07:12:38',0,NULL),(950,'Title 307','Caption photo 307',0,'1 (307).jpg','2015-12-13 07:12:38','2015-12-13 07:12:38',0,NULL),(951,'Title 308','Caption photo 308',0,'1 (308).jpg','2015-12-13 07:12:38','2015-12-13 07:12:38',0,NULL),(952,'Title 309','Caption photo 309',0,'1 (309).jpg','2015-12-13 07:12:38','2015-12-13 07:12:38',0,NULL),(953,'Title 310','Caption photo 310',0,'1 (310).jpg','2015-12-13 07:12:38','2015-12-13 07:12:38',0,NULL),(954,'Title 311','Caption photo 311',0,'1 (311).jpg','2015-12-13 07:12:39','2015-12-13 07:12:39',0,NULL),(955,'Title 312','Caption photo 312',0,'1 (312).jpg','2015-12-13 07:12:39','2015-12-13 07:12:39',0,NULL),(956,'Title 313','Caption photo 313',0,'1 (313).jpg','2015-12-13 07:12:39','2015-12-13 07:12:39',0,NULL),(957,'Title 314','Caption photo 314',0,'1 (314).jpg','2015-12-13 07:12:39','2015-12-13 07:12:39',0,NULL),(958,'Title 315','Caption photo 315',0,'1 (315).jpg','2015-12-13 07:12:39','2015-12-13 07:12:39',0,NULL),(959,'Title 316','Caption photo 316',0,'1 (316).jpg','2015-12-13 07:12:39','2015-12-13 07:12:39',0,NULL),(960,'Title 317','Caption photo 317',0,'1 (317).jpg','2015-12-13 07:12:39','2015-12-13 07:12:39',0,NULL),(961,'Title 318','Caption photo 318',0,'1 (318).jpg','2015-12-13 07:12:39','2015-12-13 07:12:39',0,NULL),(962,'Title 319','Caption photo 319',0,'1 (319).jpg','2015-12-13 07:12:39','2015-12-13 07:12:39',0,NULL),(963,'Title 320','Caption photo 320',0,'1 (320).jpg','2015-12-13 07:12:39','2015-12-13 07:12:39',0,NULL),(964,'asdasdasddsa','',0,'145025425811139978_720642688036056_3509638559910732405_n.jpg.jpg','2015-12-16 08:24:18','2015-12-16 08:24:18',0,NULL),(965,'daasdasdasdasoooo','adsasdasdas',0,'145025430211139978_720642688036056_3509638559910732405_n.jpg.jpg','2015-12-16 08:25:02','2015-12-16 08:25:02',0,NULL),(966,'daasdasdasdasoooo','adsasdasdas',0,'1450254302test.png.png','2015-12-16 08:25:02','2015-12-16 08:25:02',0,NULL),(967,'daasdasdasdasoooo','adsasdasdas',0,'1450254302tét.jpg.jpg','2015-12-16 08:25:02','2015-12-16 08:25:02',0,NULL),(968,'sieu nhan','asdasd lllllllllllllllllllllll',0,'1450254988Untitled.png.png','2015-12-16 08:36:28','2015-12-16 08:36:28',0,NULL),(969,'sieu nhan','asdasd lllllllllllllllllllllll',0,'1450254988Untitled1.png.png','2015-12-16 08:36:28','2015-12-16 08:36:28',0,NULL),(970,'asdasdasdsd','',0,'145025550811139978_720642688036056_3509638559910732405_n.jpg.jpg','2015-12-16 08:45:08','2015-12-16 08:45:08',0,NULL),(971,'asdasdasd','',0,'1450257553tét.jpg.jpg','2015-12-16 09:19:13','2015-12-16 09:19:13',1,NULL),(972,'Test','',0,'14502594411 (1).jpg.jpg','2015-12-16 09:50:41','2015-12-16 09:50:41',1,NULL),(973,'Test','',0,'14502594411 (2).jpg.jpg','2015-12-16 09:50:41','2015-12-16 09:50:41',1,NULL),(974,'Test','',0,'14502594411 (3).jpg.jpg','2015-12-16 09:50:41','2015-12-16 09:50:41',1,NULL),(975,'faadasd','',0,'14502595451 (13).jpg.jpg','2015-12-16 09:52:25','2015-12-16 09:52:25',1,NULL),(976,'faadasd','',0,'14502595451 (14).jpg.jpg','2015-12-16 09:52:25','2015-12-16 09:52:25',1,NULL),(977,'faadasd','',0,'14502595451 (23).jpg.jpg','2015-12-16 09:52:25','2015-12-16 09:52:25',1,NULL),(978,'faadasd','',0,'14502595461 (24).jpg.jpg','2015-12-16 09:52:26','2015-12-16 09:52:26',1,NULL),(979,'faadasd','',0,'14502595461 (33).jpg.jpg','2015-12-16 09:52:26','2015-12-16 09:52:26',1,NULL),(980,'faadasd','',1,'14502595721 (13).jpg.jpg','2015-12-16 09:52:52','2015-12-17 11:04:07',1,NULL),(981,'faadasd','',0,'14502595721 (14).jpg.jpg','2015-12-16 09:52:52','2015-12-16 09:52:52',1,NULL),(982,'faadasd','',0,'14502595721 (23).jpg.jpg','2015-12-16 09:52:52','2015-12-16 09:52:52',1,NULL),(983,'faadasd','',0,'14502595721 (24).jpg.jpg','2015-12-16 09:52:52','2015-12-16 09:52:52',1,NULL),(984,'faadasd','',0,'14502595721 (33).jpg.jpg','2015-12-16 09:52:52','2015-12-16 09:52:52',1,NULL),(985,'asdasdassdasd','',1,'14502615891 (12).jpg.jpg','2015-12-16 10:26:29','2015-12-17 10:53:22',1,1),(986,'zzzzzzzzzzzzzzzzzzzzzzzzz','zzzzzzzzzzzzzzzzzzzzzzzzzzzzzzzzzzzzzzzzzzzzzzzzzzz',1,'14502615891 (13).jpg.jpg','2015-12-16 10:26:29','2015-12-17 12:16:08',1,0),(987,'asdasdasd','',1,'14502616201 (12).jpg.jpg','2015-12-16 10:27:00','2015-12-17 11:06:31',1,3),(988,'asdasdasd','',1,'14502616201 (13).jpg.jpg','2015-12-16 10:27:00','2015-12-17 11:06:25',1,3),(989,'asdasdasd','',1,'14502616201 (14).jpg.jpg','2015-12-16 10:27:00','2015-12-17 10:53:04',1,3),(990,'Update 1','asdadasd',1,'14503399331 (5).jpg.jpg','2015-12-17 08:12:13','2015-12-17 11:54:49',1,0),(995,'a','',0,'14503566251 (5).jpg.jpg','2015-12-17 12:50:25','2015-12-17 12:50:25',4,0),(996,'a','',0,'14503566251 (6).jpg.jpg','2015-12-17 12:50:25','2015-12-17 12:50:25',4,0);

/*Table structure for table `migrations` */

DROP TABLE IF EXISTS `migrations`;

CREATE TABLE `migrations` (
  `migration` varchar(255) COLLATE utf8_unicode_ci NOT NULL,
  `batch` int(11) NOT NULL
) ENGINE=InnoDB DEFAULT CHARSET=utf8 COLLATE=utf8_unicode_ci;

/*Data for the table `migrations` */

insert  into `migrations`(`migration`,`batch`) values ('2015_12_10_103908_create_users_table',1),('2015_12_10_104114_create_comments_table',2),('2015_12_10_104128_create_tags_table',3),('2015_12_10_104138_create_phototags_table',3),('2015_12_10_104232_create_useralbums_table',4),('2015_12_10_104216_create_albums_table',5),('2015_12_10_104209_create_imagealbums_table',6),('2015_12_17_030149_update_comments_table',7),('2015_12_17_072911_create_votes_table',8);

/*Table structure for table `phototags` */

DROP TABLE IF EXISTS `phototags`;

CREATE TABLE `phototags` (
  `image_id` varchar(255) COLLATE utf8_unicode_ci NOT NULL,
  `tag_id` varchar(255) COLLATE utf8_unicode_ci NOT NULL,
  `created_at` timestamp NOT NULL DEFAULT '0000-00-00 00:00:00',
  `updated_at` timestamp NOT NULL DEFAULT '0000-00-00 00:00:00'
) ENGINE=InnoDB DEFAULT CHARSET=utf8 COLLATE=utf8_unicode_ci;

/*Data for the table `phototags` */

/*Table structure for table `tags` */

DROP TABLE IF EXISTS `tags`;

CREATE TABLE `tags` (
  `id` int(10) unsigned NOT NULL AUTO_INCREMENT,
  `tag_name` varchar(255) COLLATE utf8_unicode_ci NOT NULL,
  `created_at` timestamp NOT NULL DEFAULT '0000-00-00 00:00:00',
  `updated_at` timestamp NOT NULL DEFAULT '0000-00-00 00:00:00',
  PRIMARY KEY (`id`)
) ENGINE=InnoDB AUTO_INCREMENT=8 DEFAULT CHARSET=utf8 COLLATE=utf8_unicode_ci;

/*Data for the table `tags` */

insert  into `tags`(`id`,`tag_name`,`created_at`,`updated_at`) values (1,'Nature','0000-00-00 00:00:00','0000-00-00 00:00:00'),(2,'Wild','0000-00-00 00:00:00','0000-00-00 00:00:00'),(3,'Street','0000-00-00 00:00:00','0000-00-00 00:00:00'),(4,'Men','0000-00-00 00:00:00','0000-00-00 00:00:00'),(5,'Woman','0000-00-00 00:00:00','0000-00-00 00:00:00'),(6,'Animal','0000-00-00 00:00:00','0000-00-00 00:00:00'),(7,'','0000-00-00 00:00:00','0000-00-00 00:00:00');

/*Table structure for table `useralbums` */

DROP TABLE IF EXISTS `useralbums`;

CREATE TABLE `useralbums` (
  `user_id` varchar(255) COLLATE utf8_unicode_ci NOT NULL,
  `album_id` varchar(255) COLLATE utf8_unicode_ci NOT NULL,
  `created_at` timestamp NOT NULL DEFAULT '0000-00-00 00:00:00',
  `updated_at` timestamp NOT NULL DEFAULT '0000-00-00 00:00:00'
) ENGINE=InnoDB DEFAULT CHARSET=utf8 COLLATE=utf8_unicode_ci;

/*Data for the table `useralbums` */

/*Table structure for table `users` */

DROP TABLE IF EXISTS `users`;

CREATE TABLE `users` (
  `id` int(10) unsigned NOT NULL AUTO_INCREMENT,
  `username` varchar(255) COLLATE utf8_unicode_ci NOT NULL,
  `email` varchar(255) COLLATE utf8_unicode_ci NOT NULL,
  `password` varchar(60) COLLATE utf8_unicode_ci NOT NULL,
  `firstname` varchar(255) COLLATE utf8_unicode_ci NOT NULL,
  `lastname` varchar(255) COLLATE utf8_unicode_ci NOT NULL,
  `phone` varchar(255) COLLATE utf8_unicode_ci NOT NULL,
  `birthday` date NOT NULL,
  `introduction` text COLLATE utf8_unicode_ci NOT NULL,
  `remember_token` varchar(100) COLLATE utf8_unicode_ci DEFAULT NULL,
  `created_at` timestamp NOT NULL DEFAULT '0000-00-00 00:00:00',
  `updated_at` timestamp NOT NULL DEFAULT '0000-00-00 00:00:00',
  `rank` varchar(255) COLLATE utf8_unicode_ci NOT NULL,
  PRIMARY KEY (`id`),
  UNIQUE KEY `users_email_unique` (`email`)
) ENGINE=InnoDB AUTO_INCREMENT=205 DEFAULT CHARSET=utf8 COLLATE=utf8_unicode_ci;

/*Data for the table `users` */

insert  into `users`(`id`,`username`,`email`,`password`,`firstname`,`lastname`,`phone`,`birthday`,`introduction`,`remember_token`,`created_at`,`updated_at`,`rank`) values (1,'Night','hungnosk@gmail.com','$2y$10$MlEbI5jxaFJaAANP5XRNXO4VDirvO/P000JjIcXTqmWtWiddgElKi','Hung','Nguyen Ngoc','','1994-11-24','','Ip0QFG0OLIOQAifCf5jhFYfWsPisfOrS0gAzwY9rbGAxnSopKMoTxsCASew4','2015-12-10 11:46:29','2015-12-17 12:21:46','1'),(2,'Hung1','abc@123.com','$2y$10$/FgslnEGJK9ygyW0BJ.FAuc4xguc7cMt9RCxMe7LogojF99ryX/66','Hung','','','0000-00-00','','72QlvgeJKMHIxAPlKeMsk1Gy387Hk52jWgLc2sziAhXj6kwdG9bibwQrG6pJ','2015-12-10 12:25:32','2015-12-10 13:09:59',''),(3,'Night2','jkl@gmail.com','$2y$10$7ARIaR3/AfsYaGEKXN2.XO3N2ZB2a9JCQVr2d8KEl87LFv6agriOC','Hung','Nguyen Ngoc','0968866224','1994-11-24','ádasjkdkjasd','hbIPTOFw2n3c7TwzMOibhQGkUCYGLZGV3Q6Na9jC1r8UebIyRuB2R36ydPVi','2015-12-12 07:15:26','2015-12-16 04:26:17','1'),(4,'Koj123','qwe@gmail.com','$2y$10$XL4Ymh2VEp1X6KXqK7JrQu42GXzN2Plf9Qj4GQ.ubZIwBUtq5442S','Khanh','','','0000-00-00','','KaB3N25vOfN3TWjLb5uKcV6dNoHJFnGOmYD52JAIfv6CeMy92Et8JyE7rTdc','2015-12-13 21:27:23','2015-12-17 02:47:10',''),(5,'7dn8LPHlLG','eD7MF@night.com','$2y$10$IqPrTN.btUrYsX/4ZsQLWuny31Bj95gK0uLpzVrT.Uc/j0HFR0bMm','dOjET','YBgYf','09999999999','0000-00-00','i\'m not exist',NULL,'2015-12-15 14:50:07','2015-12-15 14:50:07',''),(6,'ocAN8QCjpS','t12Uz@night.com','$2y$10$c./9yobftwgdya306enIvu1u48xmjUtwPAtkDKMOt1Yv1llJ0I0my','FGJA4','2pxzs','09999999999','0000-00-00','i\'m not exist',NULL,'2015-12-15 14:50:08','2015-12-15 14:50:08',''),(7,'xsZa5kTjQf','8jnRV@night.com','$2y$10$xgIykp9Oky8OZIWeaNxTZ./XKjLQTRwUoQXryKONM/xWKCdzB8Gz6','gWorH','ixw89','09999999999','0000-00-00','i\'m not exist',NULL,'2015-12-15 14:50:08','2015-12-15 14:50:08',''),(8,'iK1RB6qy3o','sAmNr@night.com','$2y$10$21ZQUCkbfEhbyHCvlubmu.3Jtt7xmBraMo6HaspLrJs0jO2rFbHGK','Sk7Op','SKXXG','09999999999','0000-00-00','i\'m not exist',NULL,'2015-12-15 14:50:08','2015-12-15 14:50:08',''),(9,'PsyxUaZ3cH','3KjiM@night.com','$2y$10$QG/1/OxdxbyswhrPdK04ve3qc5JOvhNKEyNRGWB9nxt7ZQrjJvcGW','Txrre','1kPCk','09999999999','0000-00-00','i\'m not exist',NULL,'2015-12-15 14:50:08','2015-12-15 14:50:08',''),(10,'Oj4DpF7myR','N6bDR@night.com','$2y$10$oPAgDyzVK6JWUiABfOqnuOwbnJvmFf98t/KSgi0bQ8Svxo4Qtqr1C','0SSex','1eCDj','09999999999','0000-00-00','i\'m not exist',NULL,'2015-12-15 14:50:08','2015-12-15 14:50:08',''),(11,'MTJZzGOjPu','pzVHO@night.com','$2y$10$yjx2e.AJipPz9TD9AZqyPe291gvkFriGbDEbzn1nOiBVWMVZdw5n.','vkGnz','o25vT','09999999999','0000-00-00','i\'m not exist',NULL,'2015-12-15 14:50:08','2015-12-15 14:50:08',''),(12,'zHi6BKdbm0','1ueVt@night.com','$2y$10$hayrBlHoJPqYLGlTr5eGoeCWiR/Wh7CI2cKcdFI6Rz9.Ulre/QHtW','M0vRr','7SOlC','09999999999','0000-00-00','i\'m not exist',NULL,'2015-12-15 14:50:09','2015-12-15 14:50:09',''),(13,'aownNIwrxj','V9SP9@night.com','$2y$10$3tZITLfzyk.fZoPMYtY/FuaL9qgDbTG7U5MLFXvEOuZb6O7xJR15.','MhXNe','KEZY1','09999999999','0000-00-00','i\'m not exist',NULL,'2015-12-15 14:50:09','2015-12-15 14:50:09',''),(14,'ARZRpe7QP8','sET44@night.com','$2y$10$.DhREdqRnov2.L5PTT8oC.pvJBc9CmdpUkUyYln85hhVFLLlN4/D2','o8Ns6','T8TqO','09999999999','0000-00-00','i\'m not exist',NULL,'2015-12-15 14:50:09','2015-12-15 14:50:09',''),(15,'J1XRq7keRe','mxZf4@night.com','$2y$10$ESeSrJCV7JNPYfgxqkcsuuphOPWkiHSb49K4545WrGgxVGH4O7Gl2','3nwYb','Og6VL','09999999999','0000-00-00','i\'m not exist',NULL,'2015-12-15 14:50:09','2015-12-15 14:50:09',''),(16,'lhir42ERW3','QM7TD@night.com','$2y$10$SVw02RHu80FJWooEgcLGXudsNBbm9ZsW0Q0paQb75ek8V5f7OM/N2','7y065','Zw2Cm','09999999999','0000-00-00','i\'m not exist',NULL,'2015-12-15 14:50:09','2015-12-15 14:50:09',''),(17,'PlhJAWhSKj','nmO1P@night.com','$2y$10$MZjjoVv0xe1uNP5NII38G.c3oY37oF/MAs4w.giERupg4ImB0lE1S','LUXPt','AwgDv','09999999999','0000-00-00','i\'m not exist',NULL,'2015-12-15 14:50:09','2015-12-15 14:50:09',''),(18,'GLFxfxg7q0','d3EpT@night.com','$2y$10$xrzFAFSp8ydgcIOXNh9jee0oqMmr3BkBnPYSdYHSrkS1OlOBy.VwW','U5f23','quHbE','09999999999','0000-00-00','i\'m not exist',NULL,'2015-12-15 14:50:09','2015-12-15 14:50:09',''),(19,'1CGTM0XPxT','iy2mT@night.com','$2y$10$R8ue4fn5vPQpITCQFAQxH./rKuGBAT0QFsBgnLTR6rqpMcMHtnMtW','TXL6F','qaLDK','09999999999','0000-00-00','i\'m not exist',NULL,'2015-12-15 14:50:10','2015-12-15 14:50:10',''),(20,'NkEpRRtJZ7','V1pka@night.com','$2y$10$GORyYCZ5Nn6Ow5M0vvY6R.za8VzlkR1Z4MF4bhXmiseZZMvE5qQR.','eTj2n','hBpZG','09999999999','0000-00-00','i\'m not exist',NULL,'2015-12-15 14:50:10','2015-12-15 14:50:10',''),(21,'RobErCjbmp','YqD6E@night.com','$2y$10$CGEzOghWUDdIJeJFo6P7WunjP0oV5kGe6bPSbFBT73nJRfYTjs.5u','5o0Pn','hd8Ha','09999999999','0000-00-00','i\'m not exist',NULL,'2015-12-15 14:50:10','2015-12-15 14:50:10',''),(22,'m4OtqKU3iA','8SHNG@night.com','$2y$10$qF.iQ7AlUOaG1FY5wCDVD.uzlg7.BhkiGjn.3UIqQ8OQKEcr5OgXW','17ICE','BRKqw','09999999999','0000-00-00','i\'m not exist',NULL,'2015-12-15 14:50:10','2015-12-15 14:50:10',''),(23,'C02HFrvHuv','TT5nz@night.com','$2y$10$lrmOsImdvqjMhMrh9Z0ImenKOdUrlzI5svRDoo0SUtrkCJWSH/aOq','ifGls','4HOIa','09999999999','0000-00-00','i\'m not exist',NULL,'2015-12-15 14:50:10','2015-12-15 14:50:10',''),(24,'pceYjgVuHn','H6znM@night.com','$2y$10$Kv.fnduaVRXiG2FdWBDdz.NqH/1L6yeS04sW4UnqW03zugq5JfsRO','bWGWU','ac7Pr','09999999999','0000-00-00','i\'m not exist',NULL,'2015-12-15 14:50:10','2015-12-15 14:50:10',''),(25,'h46god6Kuh','TLDxA@night.com','$2y$10$8WRqJdRh7oydWUp3omYDJ.vshuJXDNMmSrBf5YadnOBVPqGKFXVeG','IpRuR','jKeCC','09999999999','0000-00-00','i\'m not exist',NULL,'2015-12-15 14:50:10','2015-12-15 14:50:10',''),(26,'l6o61KVQT0','JjHiA@night.com','$2y$10$EIH4sAPQehy5BrvT1pkM..50swC3wIr1C2noZIadK8g141/1ruwtK','3Jb4D','UFVsC','09999999999','0000-00-00','i\'m not exist',NULL,'2015-12-15 14:50:11','2015-12-15 14:50:11',''),(27,'Rar8PtKv8W','Gfxvm@night.com','$2y$10$VcJxjR3QWC8XMKS1heVGcusxahO2ugDv9gQ6HzBo0k1hYjvE95L52','ac7nB','40k7V','09999999999','0000-00-00','i\'m not exist',NULL,'2015-12-15 14:50:11','2015-12-15 14:50:11',''),(28,'f4GSlc3l7Y','Meibm@night.com','$2y$10$CgQqusn/nMnCkT2V1vGjYuwobk5PX7lKlZI7mo.TEU9tH7ZfDTloS','pXnIS','L1BWV','09999999999','0000-00-00','i\'m not exist',NULL,'2015-12-15 14:50:11','2015-12-15 14:50:11',''),(29,'nAsd33p1kj','fYkKP@night.com','$2y$10$yRgZmRqt437SLO3k6WMInuKileLlrgxRWHqxxhFD/Fl01gRKVpGF.','rooeU','fF83w','09999999999','0000-00-00','i\'m not exist',NULL,'2015-12-15 14:50:11','2015-12-15 14:50:11',''),(30,'ZlpVzJ5IB2','gqvT0@night.com','$2y$10$9QxRP52jrA46gxHEbhH3Xu4TjF0ta9XNgxHkp15sIhgPv89Np4zQq','qxZaS','09iY3','09999999999','0000-00-00','i\'m not exist',NULL,'2015-12-15 14:50:11','2015-12-15 14:50:11',''),(31,'3G0LjgOlnS','viD9r@night.com','$2y$10$naoAUa1yqBhnxyq1KfNYseY4QVHxL8X0r6CkIelcr5rJU/w1mUx4u','J1DH3','DYCRU','09999999999','0000-00-00','i\'m not exist',NULL,'2015-12-15 14:50:11','2015-12-15 14:50:11',''),(32,'Ng8X1qfGzB','2VW9z@night.com','$2y$10$WKVbK2tiDgBO/pd506yxtehm5DpDRxfU3pNNJFJlrYj1gBN2aCaQ6','ylZ0K','WIvoV','09999999999','0000-00-00','i\'m not exist',NULL,'2015-12-15 14:50:12','2015-12-15 14:50:12',''),(33,'rxg9ZaA020','cbDul@night.com','$2y$10$zCMqMCzmHTdj7GUGV4qRTuHDcw72Lrc5HuVxkdVIiUTsP.DiQJnZq','SUok1','aREEG','09999999999','0000-00-00','i\'m not exist',NULL,'2015-12-15 14:50:12','2015-12-15 14:50:12',''),(34,'GsQgNN93Ub','GKzU3@night.com','$2y$10$g.RUvRM5hzdbVWTyJFY4/eep7IvpRJHLq6xuTIHTe740L4WRNCr7W','u1iJI','L0P4s','09999999999','0000-00-00','i\'m not exist',NULL,'2015-12-15 14:50:12','2015-12-15 14:50:12',''),(35,'awqf5jowCq','dadlS@night.com','$2y$10$bfh98UNJoFABnLeFbqDHIeePGaXG47LJXz1fKfNBkUU3mUT8VWrxO','F76JM','ZU45d','09999999999','0000-00-00','i\'m not exist',NULL,'2015-12-15 14:50:12','2015-12-15 14:50:12',''),(36,'wkzRMcPmyM','d9vjt@night.com','$2y$10$NjPfl2gG.lkbjEMwohfS0u/Jbv4cGv47FQ.78yitTNvoiygqNoPs2','ylGrH','bJ96b','09999999999','0000-00-00','i\'m not exist',NULL,'2015-12-15 14:50:13','2015-12-16 02:58:37','0'),(37,'dvPD8rQuVo','31V20@night.com','$2y$10$o4KXbdYSQ0IMjTGISPD8BO4Q5Xx7O3sVzWpgTDZhvtmRkIELzRr4i','Cl0x2','S2ank','09999999999','0000-00-00','i\'m not exist',NULL,'2015-12-15 14:50:13','2015-12-15 20:18:14','0'),(38,'aMeUFvbMGF','PfO1Y@night.com','$2y$10$DGJCFzJ9kiImFK7UFQ0zveQWyuG3F8MxPwpV81xOhf5SHTUD12zQy','oOM43','0zgoX','09999999999','0000-00-00','i\'m not exist',NULL,'2015-12-15 14:50:13','2015-12-15 20:04:59','0'),(39,'DRirKZfggV','Fc5ki@night.com','$2y$10$f4Cec4oLc5Z2xt9b/l1BOuIwpMi2dMLaQx.9I0POpcf1KbKdg4Py.','yfULK','15oHw','09999999999','0000-00-00','i\'m not exist',NULL,'2015-12-15 14:50:13','2015-12-15 14:50:13',''),(40,'2IwGY6cdYM','zxVDS@night.com','$2y$10$BouitYxL2btB48fQ6bWySeGSa.yitteqqUDrYu9bbAW2m8LNAxR3G','0rfrC','AAVj7','09999999999','0000-00-00','i\'m not exist',NULL,'2015-12-15 14:50:13','2015-12-15 14:50:13',''),(41,'NZOVppeYop','g1vic@night.com','$2y$10$ueLOaR0mZfdLVUAMmjfTBOQ0kXGi0jRvtpiid48NNDEuAaC.rtGpG','Zrf9l','51rQU','09999999999','0000-00-00','i\'m not exist',NULL,'2015-12-15 14:50:13','2015-12-15 14:50:13',''),(45,'QpR9uMhOSH','TPXxV@night.com','$2y$10$KwcN.00BRFdz9b5bK9O7NuFc1233iDrLohttPHQ2Nsvt71omFK20m','Hx6L8','pLjvC','09999999999','0000-00-00','i\'m not exist',NULL,'2015-12-15 14:50:14','2015-12-16 02:58:23','0'),(46,'UJXdbkKjIw','FoKOB@night.com','$2y$10$UYhX7q8S.LaPKbDwWJB.luL6JRqBx3Qnnpr1f1OOrvWYEfvOBTr4.','TN5N4','FVGAK','09999999999','0000-00-00','i\'m not exist',NULL,'2015-12-15 14:50:14','2015-12-16 02:58:35','0'),(47,'gQ217hJkpL','ckT3Q@night.com','$2y$10$9JZ0kH3qWPpDgPMFVfeQFuvL1o1boAbzy9N4zybEz5q4DTmFRMVm6','2IxtM','dsqHL','09999999999','0000-00-00','i\'m not exist',NULL,'2015-12-15 14:50:14','2015-12-16 02:58:36','0'),(52,'bervS2GmZg','TeaVp@night.com','$2y$10$MVhXooiRs2DzKXELKe/37eExhkTDMVroPywske1hIWmi/6YgxigJC','7FV76','j5aCt','09999999999','0000-00-00','i\'m not exist',NULL,'2015-12-15 14:50:15','2015-12-16 02:58:21','0'),(105,'mOFjfCx72G','We1Ex@night.com','$2y$10$cbLBDpzn.Xem6bRg43vJnOG9vPU4hfymONnzTgkh5jFG3t9bewWzm','RB8x6','f67NW','09999999999','0000-00-00','i\'m not exist',NULL,'2015-12-16 04:09:22','2015-12-16 04:09:22',''),(106,'zmc7k8l9SC','LkFhJ@night.com','$2y$10$xaUwcx0ttSrBdROG..INkejrw12.eGelwEYiDYUUphe9zBFoxA50y','Qmg3Q','fSxnL','09999999999','0000-00-00','i\'m not exist',NULL,'2015-12-16 04:09:23','2015-12-16 04:09:23',''),(107,'t9aauZX1ay','i8HVV@night.com','$2y$10$Sbo2HLAYwzQMEZSr9TnM1Ov.w0r/d8O3KAIseITJ2Np92k42.7j9m','pQ9Ul','B5fQc','09999999999','0000-00-00','i\'m not exist',NULL,'2015-12-16 04:09:23','2015-12-16 04:09:23',''),(108,'DNWMxCvton','G0RhK@night.com','$2y$10$OC1ODThBwyjtud6tg.sjHOfwyrIPUEn0c2BT.l/O2ijTQvJIlIbYa','cLoBW','CuLKM','09999999999','0000-00-00','i\'m not exist',NULL,'2015-12-16 04:09:23','2015-12-16 04:09:23',''),(109,'XI4YrArNwA','ClzFI@night.com','$2y$10$Vua6acYwbUZ3Ln8wYHK6fuZHPSlmMcjVSW32HioXJ5hrQewEZZYPS','2hiTO','jU0sK','09999999999','0000-00-00','i\'m not exist',NULL,'2015-12-16 04:09:23','2015-12-16 04:09:23',''),(110,'1D1WcSqa7u','s1BGR@night.com','$2y$10$KrAbHQh0kTZEd9Ag6aAIUeRJwzMJv7WnoiFhrjeAeJ6oSXWmiOoXS','kBCrN','38Nes','09999999999','0000-00-00','i\'m not exist',NULL,'2015-12-16 04:09:23','2015-12-16 04:09:23',''),(111,'WTkZ9wJTSW','xHK1U@night.com','$2y$10$kikDe2Sm.F85rnhBeUkPx.Ka2yuKXMAbZhenNaIC7erun70iJGh.y','7ZhU1','4HFS3','09999999999','0000-00-00','i\'m not exist',NULL,'2015-12-16 04:09:23','2015-12-16 04:09:23',''),(112,'BEkykJdWOk','ptGmr@night.com','$2y$10$psFi.fMXILTftBEGHzNdEuxlc/O5MOXFkf7zTRSUkcnh2Yg7tUch6','4AfBN','zE0fo','09999999999','0000-00-00','i\'m not exist',NULL,'2015-12-16 04:09:24','2015-12-16 04:09:24',''),(113,'zEeE9gDzdF','PDprP@night.com','$2y$10$v.KBJ2.schV0fK2/YoStCuJsuG7EyKnE4PfQVWW9PiLo3W2L.hAse','gUcZe','xe54L','09999999999','0000-00-00','i\'m not exist',NULL,'2015-12-16 04:09:24','2015-12-16 04:09:24',''),(114,'rYIcx9Xdmr','GjP7D@night.com','$2y$10$lnIBtzuxnXn7X7JndonMteVJUlPHDB5IWYzcb4m7G4lL/eY/sassO','fBECE','Mkgnk','09999999999','0000-00-00','i\'m not exist',NULL,'2015-12-16 04:09:24','2015-12-16 04:09:24',''),(115,'i4XrjPWFLP','Acn8I@night.com','$2y$10$g1sSoM.HhiOx.PccJUQsH.i5/FgF2CJA1Ia8Mo.tluzNKy8gj3D7m','4CEpN','DhzR3','09999999999','0000-00-00','i\'m not exist',NULL,'2015-12-16 04:09:24','2015-12-16 04:09:24',''),(116,'9xF6wvGhCt','V6FIn@night.com','$2y$10$zoFkeSjKhRMUR0NiZQHACudQwQfvJDSlfLsGaWD6ZZ.t8Mlj5OvXK','EwH9u','0BUO7','09999999999','0000-00-00','i\'m not exist',NULL,'2015-12-16 04:09:24','2015-12-16 04:09:24',''),(117,'XUR9EuScNT','QP7O4@night.com','$2y$10$B.arTcFRHGrtRwv5yHgR8ONtp.rL0ZVu5b5FcGtjJ2InmnAga2FOa','Ug0wq','xvZKg','09999999999','0000-00-00','i\'m not exist',NULL,'2015-12-16 04:09:25','2015-12-16 04:09:25',''),(118,'epl2emGWPE','d1DZ9@night.com','$2y$10$C7DeRYQGoWgAFXffjDk4n.Rk0R4xtLTbci.FEedOygQ94KA9cW1z6','emHgT','PwYup','09999999999','0000-00-00','i\'m not exist',NULL,'2015-12-16 04:09:25','2015-12-16 04:09:25',''),(119,'yBEYzAdz4W','q3lQJ@night.com','$2y$10$Kd2wU.dn6KO67EoV2iSaDuAzi7GxCrTMBWm64ExOXuqmWB/Qz1qfW','GNnPd','Jp3yA','09999999999','0000-00-00','i\'m not exist',NULL,'2015-12-16 04:09:25','2015-12-16 04:09:25',''),(120,'Gp5BAWuajU','Bu0Xw@night.com','$2y$10$2Xfa67.MsKtATrWUGQt.TOQ60VlH75J84ZwijGvI2l7onWhtODzU.','I1DC1','NeoaZ','09999999999','0000-00-00','i\'m not exist',NULL,'2015-12-16 04:09:25','2015-12-16 04:09:25',''),(121,'Ei57bHT1Zr','ZFHJ5@night.com','$2y$10$Ypdnjz4tlnVpP4b1CtpXneVU5bJTulfoE.TSBznwcy0QGNbBr0hyi','jtByK','fmEEB','09999999999','0000-00-00','i\'m not exist',NULL,'2015-12-16 04:09:25','2015-12-16 04:09:25',''),(122,'w3OX6lVxPe','yoMpE@night.com','$2y$10$rvDfhGhnq374EiDl6d1pXO1wTAPL83e6dv6SLH/Cv/P3y3ozJuMEu','QeXIR','vG97f','09999999999','0000-00-00','i\'m not exist',NULL,'2015-12-16 04:09:25','2015-12-16 04:09:25',''),(123,'2gMnFkPrck','P82G4@night.com','$2y$10$msamlILi1HTKhvyvm.awYud2As8bsUeUOE32dsOlFJ37gXwnTsnW.','1RS0r','l4Keb','09999999999','0000-00-00','i\'m not exist',NULL,'2015-12-16 04:09:26','2015-12-16 04:09:26',''),(124,'P3yczuDuaI','tCUX2@night.com','$2y$10$3lkmyOBOsVDoEu1PoSokf.zHiioH2OfmyJNUDJq9VPmKDtt3mA4HK','r6SRF','3Xrgn','09999999999','0000-00-00','i\'m not exist',NULL,'2015-12-16 04:09:26','2015-12-16 04:09:26',''),(125,'dOuhbNFbib','7RvtK@night.com','$2y$10$l.H8rycIM7n.G3AAYNahY.Hb2TUmO1oI2W/g2TuFc5UyJdblTGDVu','xMAXw','4zRwn','09999999999','0000-00-00','i\'m not exist',NULL,'2015-12-16 04:09:26','2015-12-16 04:09:26',''),(126,'O0oVa4USiQ','06aSg@night.com','$2y$10$pK5eWWeaRHhT1Ni5cSLk3uAriNubthlhFAfYwhemDX9mbiwyk8Ds2','E1U4E','Bctxt','09999999999','0000-00-00','i\'m not exist',NULL,'2015-12-16 04:09:26','2015-12-16 04:09:26',''),(127,'0L3FXdmXiD','Jy3Br@night.com','$2y$10$cD.TlcKvMxUcOWsdyD30cOd82G7bLA1Y.nX3PvZO1DzaMY94ZDoIS','zl7Zx','G2bTq','09999999999','0000-00-00','i\'m not exist',NULL,'2015-12-16 04:09:26','2015-12-16 04:09:26',''),(128,'9ogZZoe4tD','rq5j9@night.com','$2y$10$Gc3tHkEJ0/.Fx6HWjTfREOqPvCAbnysPgJgKQ5PxeqbEczHsImexK','3jTwW','K6YBi','09999999999','0000-00-00','i\'m not exist',NULL,'2015-12-16 04:09:26','2015-12-16 04:09:26',''),(129,'cVSZXoHFGZ','P1Pr4@night.com','$2y$10$3S.LPR4236pRppPl1dAYWuSIKHIZ4vyCUrXNJjXDmewQqI.DSc.Ym','noLwR','aCG5I','09999999999','0000-00-00','i\'m not exist',NULL,'2015-12-16 04:09:27','2015-12-16 04:09:27',''),(130,'NfyV1fEeck','qJCUL@night.com','$2y$10$D8i44B3vsupxvvDdm6blR.FM.qoboyBK3yd0mosH2E.fctf184TCG','INDmC','XwQNX','09999999999','0000-00-00','i\'m not exist',NULL,'2015-12-16 04:09:27','2015-12-16 04:09:27',''),(131,'aMtYLYwwAb','T1XCh@night.com','$2y$10$1JmumDkb456bApOzkvgbD.k7HR0vuqdocjoekB8EVBoW8lCNykydC','rlJjO','lq8Jj','09999999999','0000-00-00','i\'m not exist',NULL,'2015-12-16 04:09:27','2015-12-16 04:09:27',''),(132,'8fecTqpIHO','oPiMX@night.com','$2y$10$nHDATZkyJRihJM6aE3Fez.CotPIH7bNgQUMUnvnEosnBjsJvBRVAS','rsvxR','OlpAt','09999999999','0000-00-00','i\'m not exist',NULL,'2015-12-16 04:09:27','2015-12-16 04:09:27',''),(133,'tZNs7zsN9U','KlxG4@night.com','$2y$10$ch2WhYaCd3/5Syt8rr4vVONWYdVc81ASaKEbkzCyzdr1TYE8jvtYS','yy1GB','fTxHI','09999999999','0000-00-00','i\'m not exist',NULL,'2015-12-16 04:09:27','2015-12-16 04:09:27',''),(134,'u7vylTLyvE','Zp9tR@night.com','$2y$10$3yDHl.I31jp.Ih6/aIca/eiyvHiy3UE7ZyNMCwqENbUaQHx/qd5gu','29H6o','Mq1qO','09999999999','0000-00-00','i\'m not exist',NULL,'2015-12-16 04:09:28','2015-12-16 04:09:28',''),(135,'yNM8ywpbcq','XCANq@night.com','$2y$10$k7yPYnsL50I5GwIsA0s5nukyxJjJBPWSBiGvKVEfcupaYD0RYaiQy','VQdHs','A9ZEw','09999999999','0000-00-00','i\'m not exist',NULL,'2015-12-16 04:09:28','2015-12-16 04:09:28',''),(136,'7E2v3Uw7R6','KHgRD@night.com','$2y$10$hJtBRcLbwl7uX3Tk3SycqeVZGhfiTl6oIXgFwrcw8Bd0LXj21ynRy','Bn75M','gsZHI','09999999999','0000-00-00','i\'m not exist',NULL,'2015-12-16 04:09:28','2015-12-16 04:09:28',''),(137,'c1b2OWKMFk','nf2Wl@night.com','$2y$10$YztKdL4HxbXA02Eool.wE.JmZOt3LX32EKky6Rm6OTAkenVNCw1YC','tLGsY','7bYwt','09999999999','0000-00-00','i\'m not exist',NULL,'2015-12-16 04:09:28','2015-12-16 04:09:28',''),(138,'2cH6UXniiy','btdHU@night.com','$2y$10$MCoS3s3ML2ZqPOOrxOKo8e02hl8YWwWHW5uX3pBJQ8ShSDUSsQHAy','2BaFg','SCKym','09999999999','0000-00-00','i\'m not exist',NULL,'2015-12-16 04:09:28','2015-12-16 04:09:28',''),(139,'jyRmT7YQoT','VgKcT@night.com','$2y$10$vlpy2.1VAdxaneAf96MQ/uWWeQkr8WcyK5T7iUgVNpZmDpMVELN1S','mKYeT','zjJ2b','09999999999','0000-00-00','i\'m not exist',NULL,'2015-12-16 04:09:28','2015-12-16 04:09:28',''),(140,'B5f0QKw1aq','dghkv@night.com','$2y$10$qN9Vq8O9UQKVvAJpPcqYDu0/x4f9wY3cns5CfyWT.pv6bszR1oKn.','77qLQ','H9W7B','09999999999','0000-00-00','i\'m not exist',NULL,'2015-12-16 04:09:29','2015-12-16 04:09:29',''),(141,'ImMp3bzzYS','l01g0@night.com','$2y$10$nX6l6p9uAseuORKgDmXpwulmpUpfhoaw2NJisjfOjlzs17wSMoIeK','9cNlk','YEfXd','09999999999','0000-00-00','i\'m not exist',NULL,'2015-12-16 04:09:29','2015-12-16 04:09:29',''),(142,'SaQDmKxIj6','gclNH@night.com','$2y$10$..cY69sfVRHABjDdto7MzeRfvPE6ZBuJ//sz3TXz6exYAVmTSU/QO','uHjKb','HMgsq','09999999999','0000-00-00','i\'m not exist',NULL,'2015-12-16 04:09:29','2015-12-16 04:09:29',''),(143,'7QVtgG5neF','4C1JN@night.com','$2y$10$JqIlqoju6AEARFJeVezAFudF9KMIWSkeZ/cGyX4gszgfN65Cldk6q','qLbZO','UY81M','09999999999','0000-00-00','i\'m not exist',NULL,'2015-12-16 04:09:29','2015-12-16 04:09:29',''),(144,'ctrdBFHYkg','9LhJl@night.com','$2y$10$8LfqUoskYl.8VpnM2CC9uucZdoVQnlzcW9jUGOpWra3DIh.t0FoFW','huWgH','p5VZ4','09999999999','0000-00-00','i\'m not exist',NULL,'2015-12-16 04:09:29','2015-12-16 04:09:29',''),(145,'UJGNkFj8D0','irTYa@night.com','$2y$10$UYuxF4lwMF8bY1PuTM7qAOBlxbW0K2ohWXKQZqCHyNNB5wFcbf8QO','dMSsa','3O6DU','09999999999','0000-00-00','i\'m not exist',NULL,'2015-12-16 04:09:29','2015-12-16 04:09:29',''),(146,'OBk3Onu5tS','6J4bU@night.com','$2y$10$I6wfKjSqpBNvhNRs6F9DCOr4lK0wfNwAo.y/b/PkGlUFwUNFSBP6e','Yu9rQ','LBfUX','09999999999','0000-00-00','i\'m not exist',NULL,'2015-12-16 04:09:30','2015-12-16 04:09:30',''),(147,'0saqJcwpGA','nHBW0@night.com','$2y$10$YPL6zOIIF/SsRT0/kZLrFOJPnLasQu6oFNHr2Pu.aOKUvfEqiOabG','C3fp9','BfIOK','09999999999','0000-00-00','i\'m not exist',NULL,'2015-12-16 04:09:30','2015-12-16 04:09:30',''),(148,'25cf6quuuA','wbBgY@night.com','$2y$10$vnysDf/BqAdfh2DKX5wTr.LEyew07srl5BljjrX8oSdLv7Y4XrWjO','2bW22','zmPju','09999999999','0000-00-00','i\'m not exist',NULL,'2015-12-16 04:09:30','2015-12-16 04:09:30',''),(149,'jnqOcpN6Uf','YFYdy@night.com','$2y$10$5lXdgzExUWXUJfZmRZQQ8.yP1lrq1lOHdv155W74OuBZa2wGEoSkG','Bc06N','kKd3r','09999999999','0000-00-00','i\'m not exist',NULL,'2015-12-16 04:09:30','2015-12-16 04:09:30',''),(150,'9Ek1U2bHjA','CihKO@night.com','$2y$10$YBdtlcqVbq9FygVOunQM8uTqyc5nSONBAOJhewNJV0GSGWZIjoyve','1tPwL','bePBN','09999999999','0000-00-00','i\'m not exist',NULL,'2015-12-16 04:09:30','2015-12-16 04:09:30',''),(151,'qdpehqVA6B','DEDr7@night.com','$2y$10$9wOZJ5vPR3MZ0GCnWi6NUepwAkNPalWBoz4BOEMDegKLx8opdrjG6','DfCRu','hnBEw','09999999999','0000-00-00','i\'m not exist',NULL,'2015-12-16 04:09:31','2015-12-16 04:09:31',''),(152,'b7aKV3Cf6o','Xw1qS@night.com','$2y$10$GlyPY/IaS0xnucA.7IFjTeeR913EwUHKErJl2fLBwPoy43dLOgtbq','9rzEP','zeIbM','09999999999','0000-00-00','i\'m not exist',NULL,'2015-12-16 04:09:31','2015-12-16 04:09:31',''),(153,'9HXjWXoaKh','P82ks@night.com','$2y$10$x5Y3IykG0CrnZKQe4QjjNO28IprTbeMSpNQgmNoMT5yECUy2jkPBq','4Hx9k','lljCg','09999999999','0000-00-00','i\'m not exist',NULL,'2015-12-16 04:09:31','2015-12-16 04:09:31',''),(154,'neu5MaheWW','Dxz4y@night.com','$2y$10$tU55U1mMocAHjs1OsHM41uRPCGp/9t52C12gZJJ2Cubb01JGTWgG6','GL9HP','iOYIe','09999999999','0000-00-00','i\'m not exist',NULL,'2015-12-16 04:09:31','2015-12-16 04:09:31',''),(155,'jMAjHUDLAv','xfpf0@night.com','$2y$10$otuN9dHSdVifY9BHj4K9W.m0BFpN1ElA1QnlLOQfiku/jDOgODtui','qXQGa','W3XNc','09999999999','0000-00-00','i\'m not exist',NULL,'2015-12-16 04:09:32','2015-12-16 04:09:32',''),(156,'R4aGFFvGel','so9Kc@night.com','$2y$10$8D2yLEIMg0a9X3AslBO1xeQPra4mmnq3JYfmV7icd1k8KdgKY9xDm','IJqPC','YfEal','09999999999','0000-00-00','i\'m not exist',NULL,'2015-12-16 04:09:32','2015-12-16 04:09:32',''),(157,'R6oVj9sMeC','lNZgP@night.com','$2y$10$Olr1O.wMxZdqVzoixx/e6.ZpTSjgfh8GrumtyDxUUenwvgt.Xc6.i','aoxCs','csnyt','09999999999','0000-00-00','i\'m not exist',NULL,'2015-12-16 04:09:32','2015-12-16 04:09:32',''),(158,'fJYPBoJl1q','kOVTn@night.com','$2y$10$hYD3zQn.oeAmG6IkdfaK6eMXZheGNZ0X8WOP3Z3rpEUh9kKicxdMS','DPuUd','V3tM5','09999999999','0000-00-00','i\'m not exist',NULL,'2015-12-16 04:09:32','2015-12-16 04:09:32',''),(159,'SKRl8Tnja9','Gcr9j@night.com','$2y$10$LE7qFfL6T8rzIX4RIPK/fu1KEgW35X.4RCCOo1wOaXplCUhXrh2ay','q9ql7','zCeos','09999999999','0000-00-00','i\'m not exist',NULL,'2015-12-16 04:09:32','2015-12-16 04:09:32',''),(160,'N79D6UKyP3','n2Fwl@night.com','$2y$10$94mnm/i.Vu.Zf.4715HO4u4O07hvIEkSiIX.O/N7XURosh3TfkIGa','cCODu','1NVJX','09999999999','0000-00-00','i\'m not exist',NULL,'2015-12-16 04:09:33','2015-12-16 04:09:33',''),(161,'snHQRozTy7','K9dHm@night.com','$2y$10$eTZwHzbm6HEo06qxxWnepevwGYDO88qZZb.p1XQi7nYufpQxUv9s2','TWyP6','q0YuZ','09999999999','0000-00-00','i\'m not exist',NULL,'2015-12-16 04:09:33','2015-12-16 04:09:33',''),(162,'DplzEgQjnH','MkWk2@night.com','$2y$10$ADetMC0YEKpcotHi801fq.Gtoo5i.1Ffh/gB42ERm1zZ4N0ERyBOu','URJEe','Ky3rv','09999999999','0000-00-00','i\'m not exist',NULL,'2015-12-16 04:09:33','2015-12-16 04:09:33',''),(163,'55fYjFnCAq','RruAz@night.com','$2y$10$kgsOO3gkMc.v2IbCCAs74uqber.eVfJsGHBvIDrOK7KwX7rFo4pmK','pzBn3','iG466','09999999999','0000-00-00','i\'m not exist',NULL,'2015-12-16 04:09:33','2015-12-16 04:09:33',''),(164,'yhemVMwLHY','fkQud@night.com','$2y$10$whutw3qRF0kkpeJiOR/J2.hpUhbTQctv2K/NucqN1FsgXHHcyVcBi','uj7We','j17WO','09999999999','0000-00-00','i\'m not exist',NULL,'2015-12-16 04:09:33','2015-12-16 04:09:33',''),(165,'NTHjeWaDk9','KQiTW@night.com','$2y$10$elVq/eYpnxQlrUshfQBViud1G65A/OLygQIr7pvIEcUF1hgLHNDEm','rjaBS','aUHuV','09999999999','0000-00-00','i\'m not exist',NULL,'2015-12-16 04:09:34','2015-12-16 04:09:34',''),(166,'a7uzTD7piP','gQbbi@night.com','$2y$10$/GPHQyNJ73rrnWMaMYoUrOTMWqBnXgzn6CkQkyRtLTREVF2pFN/ui','0eefT','h4hH2','09999999999','0000-00-00','i\'m not exist',NULL,'2015-12-16 04:09:34','2015-12-16 04:09:34',''),(167,'rMnNcPpY7H','mcB5B@night.com','$2y$10$toeKHZph5H4JrahKTKSOxeCr.rco4pjc6.IISSsDpXyYuMXcdhpHa','9yvsu','AwJZF','09999999999','0000-00-00','i\'m not exist',NULL,'2015-12-16 04:09:34','2015-12-16 04:09:34',''),(168,'Kt7YOJXAkT','8bHwS@night.com','$2y$10$sjBDT9cdn.kmFmH2wAJcrOcQCOSzxee1tH9/G9bz3EBBPv3YGmMaK','JPs6Q','vxGcs','09999999999','0000-00-00','i\'m not exist',NULL,'2015-12-16 04:09:34','2015-12-16 04:09:34',''),(169,'VZ0IhYMnrK','1xHFv@night.com','$2y$10$HFkxr2T/Ohy0rt5kBkC7n.LohhkqZBhPK6ZsUCfgdVyL/vFpY/jU6','z6Qi8','j3Rdr','09999999999','0000-00-00','i\'m not exist',NULL,'2015-12-16 04:09:34','2015-12-16 04:09:34',''),(170,'h8WIQ4azYM','MWvoT@night.com','$2y$10$/WFz.GI5nEm6Qs78ZmYkuu5fQTN.bYuwIzvwm0rdOZeWVK8tpBZeq','iwWvx','yBskw','09999999999','0000-00-00','i\'m not exist',NULL,'2015-12-16 04:09:34','2015-12-16 04:09:34',''),(171,'XJB2oa9h5h','VuFg0@night.com','$2y$10$gsrhAhQ95bENNFVPc6CvS.9Pf.lGaUTkNMFDmMlAIavmiANWQHrpm','xVNSW','HBwKI','09999999999','0000-00-00','i\'m not exist',NULL,'2015-12-16 04:09:35','2015-12-16 04:09:35',''),(172,'UWbNXuw3Kt','8DLuc@night.com','$2y$10$kp9rZAAHQIJfdiF5lQXKdOEiDMkaw3qsPgz87ek2qdHGI1XkedK26','m63jG','oNZUJ','09999999999','0000-00-00','i\'m not exist',NULL,'2015-12-16 04:09:35','2015-12-16 04:09:35',''),(173,'Ny9QeHs8Ef','ZTPRQ@night.com','$2y$10$cTDQ1XtuoyX4AwITS9AmA.GuidQJU/0f427YgPT8fyqmyevi6AV7S','gb55s','530GP','09999999999','0000-00-00','i\'m not exist',NULL,'2015-12-16 04:09:35','2015-12-16 04:09:35',''),(174,'wIoeu4Oy57','5R4lt@night.com','$2y$10$IVzBT0CrjyMFUulnZvt7ku2PLPzVI8NK3U8XYAoSZ/Gd7/sHM1XkS','VWW68','aD63i','09999999999','0000-00-00','i\'m not exist',NULL,'2015-12-16 04:09:35','2015-12-16 04:09:35',''),(175,'l54GhUtiuh','klzka@night.com','$2y$10$wMr/tg85cNxcjt8PJq73.ecKlBjdGhmWNuIHJp0.eceiSQF.HjJYW','JlQ87','JUHmm','09999999999','0000-00-00','i\'m not exist',NULL,'2015-12-16 04:09:35','2015-12-16 04:09:35',''),(176,'GhWro0aEvW','xvole@night.com','$2y$10$deftWPVVjcsI7QEg7J.BaOlXoIvhM2Ac6BPr8QkmYAqPXGtFpJX.u','3r9Ou','jC6RX','09999999999','0000-00-00','i\'m not exist',NULL,'2015-12-16 04:09:36','2015-12-16 04:09:36',''),(177,'FTBsdoNz42','Mp5wc@night.com','$2y$10$0GVMqPqPh49qkiBr2gynlO3S9hp44xmhexbioHqsbBM/ugZBcJoJO','R88uW','Dtt58','09999999999','0000-00-00','i\'m not exist',NULL,'2015-12-16 04:09:36','2015-12-16 04:09:36',''),(178,'dDN5kBZ1BG','qB0BT@night.com','$2y$10$Vtnm5dLDQsonFSZm3MDKIugxiyPOze44jkoj8yPIUOcHWmPZo5d2C','njze4','XHobB','09999999999','0000-00-00','i\'m not exist',NULL,'2015-12-16 04:09:36','2015-12-16 04:09:36',''),(179,'xHnEoic5jF','okt2o@night.com','$2y$10$y4KEPY9Fzmg5jNXACMedJeoR9jH5svad4wq2A0I2rGddbMuVtU64C','v90ae','O6eyz','09999999999','0000-00-00','i\'m not exist',NULL,'2015-12-16 04:09:36','2015-12-16 04:09:36',''),(180,'1y60lNiLcG','Niy62@night.com','$2y$10$3IeK2syrwP5K8tDCdLoa..2cx3.2FiDAFR96KgxqWgi0HvbyQac0q','H1e4n','7xGsb','09999999999','0000-00-00','i\'m not exist',NULL,'2015-12-16 04:09:36','2015-12-16 04:09:36',''),(181,'8nvcvOBlhU','CUoMT@night.com','$2y$10$HSgJufVDMo1KvcL1wHwdv.2AD6tUN4gmCsKAXKK0pKkdcPC/cj.iS','IpVpH','hZ7z9','09999999999','0000-00-00','i\'m not exist',NULL,'2015-12-16 04:09:36','2015-12-16 04:09:36',''),(182,'Gm3D5SCPg0','2wGnV@night.com','$2y$10$SAeD3iRyqyN23MLq3rOlTeAJRLzZ2DlrSCxBZOZw2kcdwDiuuVPhG','kyGeA','YMsPb','09999999999','0000-00-00','i\'m not exist',NULL,'2015-12-16 04:09:37','2015-12-16 04:09:37',''),(183,'yK0jlOHv31','iBC1J@night.com','$2y$10$ZwHEq2a7qEhNdcjxnZECFOSApv2.cp/XHMaOCbInm6FBllldXlDoe','sc6om','JXdhq','09999999999','0000-00-00','i\'m not exist',NULL,'2015-12-16 04:09:37','2015-12-16 04:09:37',''),(184,'vYdfTU4Fp9','g0drq@night.com','$2y$10$wUfL8vB0zGgGf5FoEjHBYOF1YPZDcpNcxwiXBmhVDE28S4ZhSIFFm','d9eLz','Q77Jw','09999999999','0000-00-00','i\'m not exist',NULL,'2015-12-16 04:09:37','2015-12-16 04:09:37',''),(185,'x1MVMfQeGC','TA2qk@night.com','$2y$10$sN/SOtnBBjHmMs6oS9pA9OXJLgy92Ijf83rpwbTaKOHfgwLOT/hSq','IDT0O','Q0dyp','09999999999','0000-00-00','i\'m not exist',NULL,'2015-12-16 04:09:37','2015-12-16 04:09:37',''),(186,'wgqIU99LNz','oRMBS@night.com','$2y$10$PFyQgNlfONgMY3rprl.uteguF1zfUcnDVFRp0KIIhJu2aX8QfMbW6','dIQbX','GyWjF','09999999999','0000-00-00','i\'m not exist',NULL,'2015-12-16 04:09:38','2015-12-16 04:09:38',''),(187,'CDkExZgkaz','FUNpk@night.com','$2y$10$MFGDHu3O23RqLRKCWsLNHurdk5rX1A8pzQ2Pu17j8qX8.CSIgtvbS','COFtw','z5VGI','09999999999','0000-00-00','i\'m not exist',NULL,'2015-12-16 04:09:38','2015-12-16 04:09:38',''),(188,'q5X4fvtq8S','Whs1n@night.com','$2y$10$8Mi9iQBllWypzHCvM5ZTQuftbfxTWEIBc947UIVQWl02fdrLE1stm','9I2aQ','1Rigu','09999999999','0000-00-00','i\'m not exist',NULL,'2015-12-16 04:09:38','2015-12-16 04:09:38',''),(189,'fX0P1hqacR','C92qR@night.com','$2y$10$vKETH1AXhQcIjBd8IOW2g.fsW3pfME4WzNJ65ViUU35z15Uu2mZSy','Egdoi','WkIAZ','09999999999','0000-00-00','i\'m not exist',NULL,'2015-12-16 04:09:38','2015-12-16 04:09:38',''),(190,'9oOm1YFtzU','107TM@night.com','$2y$10$ja4cjSSZfFSlGgnCxvDYDuIFW.EPA8OrIpgM.aAaxwW6TkgCH5q7i','5hAyk','97Hp5','09999999999','0000-00-00','i\'m not exist',NULL,'2015-12-16 04:09:38','2015-12-16 04:09:38',''),(191,'Zpq15VSETu','UwlY0@night.com','$2y$10$v/lhQAgqxZB7KDdDr/l5DOfisD7dH3CeCWtmNJkbiVbgb4cLLPJtW','LPvU4','9PduW','09999999999','0000-00-00','i\'m not exist',NULL,'2015-12-16 04:09:39','2015-12-16 04:09:39',''),(192,'PXvKpl3sMn','PSDbw@night.com','$2y$10$R7rWf/hf.7OkyXxB8zC5ruQ10L3rqarKL8TdgqLzfy4ue6dr30adu','cdR6b','MGcTT','09999999999','0000-00-00','i\'m not exist',NULL,'2015-12-16 04:09:39','2015-12-16 04:09:39',''),(193,'1x2SiMkg3X','8YFhW@night.com','$2y$10$2Fhk5/QA/frfIF8tzVYm/.Rz7b0ICSbU7uL1WpzoTio.Y1l529ePG','qWqX5','19nTM','09999999999','0000-00-00','i\'m not exist',NULL,'2015-12-16 04:09:39','2015-12-16 04:09:39',''),(194,'5MCqu6OYQ6','WiEyN@night.com','$2y$10$5Btbs9DstGcnLIrdbMDKcugbAtK0kJXykerXwrPpDC6Zuq1d7OLgG','UrUWQ','G6t3V','09999999999','0000-00-00','i\'m not exist',NULL,'2015-12-16 04:09:39','2015-12-16 04:09:39',''),(195,'5GGEhRgZD4','xqk79@night.com','$2y$10$F71ZhAPXFlIdIHJEr2sceOFcW44jpKrRtX9WzqiKX0GRC/oNH.RJW','tNNVA','T4hG1','09999999999','0000-00-00','i\'m not exist',NULL,'2015-12-16 04:09:39','2015-12-16 04:09:39',''),(196,'gvVkymnsGf','wVTOT@night.com','$2y$10$uodY0fbdn6A42Hv/qkpPJurcoyvD1wB9cmyoeEr/53zlyt94k.x5W','CkpUl','kEMqL','09999999999','0000-00-00','i\'m not exist',NULL,'2015-12-16 04:09:39','2015-12-16 04:09:39',''),(197,'OEAHOXIEZD','wgzhe@night.com','$2y$10$XVoa0BtZpTExzKwWcrL91uBLwlmPem2zDL44q4lWfn1Je6pLwpZ.6','pJ2MI','3NwtZ','09999999999','0000-00-00','i\'m not exist',NULL,'2015-12-16 04:09:40','2015-12-16 04:09:40',''),(198,'SCc71CPkOt','FlHHE@night.com','$2y$10$ddHb16ol9Lsxqn1J5FucT.xaJSCW/okLd3YR1QRgbR4EInU.4QQ3.','w2B59','3SmMR','09999999999','0000-00-00','i\'m not exist',NULL,'2015-12-16 04:09:40','2015-12-16 04:09:40',''),(199,'k5CM859Ok8','HAmvE@night.com','$2y$10$vPVl/Znuv5U/JPWJoM1hrOgEhL3wlDpBawwmieA.1nDL3KijHeNr6','DiNXm','oHT27','09999999999','0000-00-00','i\'m not exist',NULL,'2015-12-16 04:09:40','2015-12-16 04:09:40',''),(200,'Tr6pB6S425','ssutO@night.com','$2y$10$lnw3RKkQm9O0WEQxZ54iweZ/Qf4U3zSDqBmqANZp6gca4KSb2X2q2','awj00','d4Aat','09999999999','0000-00-00','i\'m not exist',NULL,'2015-12-16 04:09:40','2015-12-16 04:09:40',''),(201,'mt0z6lCIyY','H6ocW@night.com','$2y$10$mrRNkz/TRPc9BZJKNG.6EOAMGoAWLfxC6fyZo0tSowZNxID9Zn51a','uPXCs','fN3Gw','09999999999','0000-00-00','i\'m not exist',NULL,'2015-12-16 04:09:40','2015-12-16 04:09:40',''),(204,'2z9gDggYON','xPIQM@night.com','$2y$10$unMUWDcjM3uol8pRjbp/auCYRlpELnjhlWDoIQdVVa0eaduaftUdO','6T6Ud','lq3PV','09999999999','0000-00-00','i\'m not exist',NULL,'2015-12-16 04:09:41','2015-12-17 09:46:54','0');

/*Table structure for table `votes` */

DROP TABLE IF EXISTS `votes`;

CREATE TABLE `votes` (
  `id` int(10) unsigned NOT NULL AUTO_INCREMENT,
  `user_id` varchar(255) COLLATE utf8_unicode_ci NOT NULL,
  `image_id` varchar(255) COLLATE utf8_unicode_ci NOT NULL,
  `created_at` timestamp NOT NULL DEFAULT '0000-00-00 00:00:00',
  `updated_at` timestamp NOT NULL DEFAULT '0000-00-00 00:00:00',
  PRIMARY KEY (`id`)
) ENGINE=InnoDB AUTO_INCREMENT=52 DEFAULT CHARSET=utf8 COLLATE=utf8_unicode_ci;

/*Data for the table `votes` */

insert  into `votes`(`id`,`user_id`,`image_id`,`created_at`,`updated_at`) values (44,'1','989','2015-12-17 10:53:03','2015-12-17 10:53:03'),(46,'1','985','2015-12-17 10:53:22','2015-12-17 10:53:22'),(47,'1','980','2015-12-17 11:04:07','2015-12-17 11:04:07'),(48,'1','990','2015-12-17 11:04:13','2015-12-17 11:04:13'),(49,'1','988','2015-12-17 11:06:25','2015-12-17 11:06:25'),(50,'1','987','2015-12-17 11:06:31','2015-12-17 11:06:31'),(51,'1','986','2015-12-17 12:16:07','2015-12-17 12:16:07');

/*!40101 SET SQL_MODE=@OLD_SQL_MODE */;
/*!40014 SET FOREIGN_KEY_CHECKS=@OLD_FOREIGN_KEY_CHECKS */;
